id,task_id,agent_name,assigned_at
2201efbc-3b34-4586-b9ec-d73da457a946,765e48bb-fb3f-447d-b0a1-f012e662c299,develop-765e48bb-fb3f-447d-b0a1-f012e662c299-1775448649318,2026-04-06 04:10:50.198033+00
bfc88ec3-ea73-44ff-bcf9-7b32e7b1fb98,c7894170-ab10-4a62-94da-576849c812a5,develop-c7894170-ab10-4a62-94da-576849c812a5-1775448650226,2026-04-06 04:10:51.198462+00
aaf808ab-d97b-4a12-9647-2891fe22ad7a,765e48bb-fb3f-447d-b0a1-f012e662c299,review-corr-765e48bb-fb3f-447d-b0a1-f012e662c299-1775464039,2026-04-06 08:27:19.721274+00
e3bdcf41-f3cc-49f7-8f4c-b805c7fd099f,13ea9b23-9b8e-4886-9dfb-7c0d19e5cd06,merge-13ea9b23-9b8e-4886-9dfb-7c0d19e5cd06-1775469065683,2026-04-06 09:51:10.096335+00
29276486-0612-4c24-b691-75fc07038364,542b7d17-1f4a-447f-9824-729200b2d34e,develop-542b7d17-1f4a-447f-9824-729200b2d34e-1775480887469,2026-04-06 13:08:07.579241+00
dabc0c88-cf39-46a0-a853-f11add21a7d0,dfc431bc-769f-49e3-83e2-323171a40f5b,develop-dfc431bc-769f-49e3-83e2-323171a40f5b-1775449003799,2026-04-06 04:16:43.813945+00
7f146791-89e4-464e-bfaf-fca6e5df04c3,f0cbff08-b0be-4081-81c1-65c59aedc56e,develop-f0cbff08-b0be-4081-81c1-65c59aedc56e-1775449003833,2026-04-06 04:16:44.199289+00
721df4a9-f0e4-4520-8e76-2cfa28705638,bf5424f6-adee-417f-b2a4-2558e9be9fc5,develop-bf5424f6-adee-417f-b2a4-2558e9be9fc5-1775464090288,2026-04-06 08:28:10.315906+00
d10d37d6-9328-468a-b2f8-49d16b15e7d9,7fac6471-5a9c-42f3-994a-168f0a7475f4,plan-7fac6471-5a9c-42f3-994a-168f0a7475f4-1775464105278,2026-04-06 08:28:25.284621+00
22795c34-8357-4e39-8c28-b2fa750e51f6,765e48bb-fb3f-447d-b0a1-f012e662c299,merge-765e48bb-fb3f-447d-b0a1-f012e662c299-1775464144031,2026-04-06 08:29:04.069977+00
3027933d-f621-4624-902b-d4ede93ec4bc,2431486f-adf4-494e-be1a-bb3d20d92745,merge-2431486f-adf4-494e-be1a-bb3d20d92745-1775469127491,2026-04-06 09:52:07.525602+00
d042d7cb-de11-4bdc-8f78-4e033ab9217c,dd55c687-780d-4904-aaf7-01c7860abd8a,develop-dd55c687-780d-4904-aaf7-01c7860abd8a-1775434894982,2026-04-06 00:21:35.009955+00
cc5b0ce8-bc75-45ce-b044-da097bc23d6d,dfc431bc-769f-49e3-83e2-323171a40f5b,develop-dfc431bc-769f-49e3-83e2-323171a40f5b-1775449342631,2026-04-06 04:22:22.663691+00
12c4fbec-9724-4b15-9f7b-11c57dbe353d,f0cbff08-b0be-4081-81c1-65c59aedc56e,develop-f0cbff08-b0be-4081-81c1-65c59aedc56e-1775449342686,2026-04-06 04:22:23.198373+00
fd46be52-f2ff-4732-ae56-5641bc01b5e1,26815bab-48ab-4cb9-a778-eb7eb87e6e2a,plan-26815bab-48ab-4cb9-a778-eb7eb87e6e2a-1775464120298,2026-04-06 08:28:40.305379+00
a9828f48-fb42-4cc9-85d0-2d575af8af62,8018bc16-f870-46fa-b01d-22a24429686e,review-corr-8018bc16-f870-46fa-b01d-22a24429686e-1775469197,2026-04-06 09:53:17.942336+00
22229fbd-340f-4c85-b0e2-8c67a3a87bf5,4b2d0dd2-b530-4e7a-85e1-d3798779ebf9,develop-4b2d0dd2-b530-4e7a-85e1-d3798779ebf9-1775434925886,2026-04-06 00:22:05.910503+00
2bf41ed3-37fd-46f3-bc29-5f677e593307,dfc431bc-769f-49e3-83e2-323171a40f5b,develop-dfc431bc-769f-49e3-83e2-323171a40f5b-1775449683942,2026-04-06 04:28:03.975105+00
1a572cd5-7b59-44f5-b716-deb5e347cfaa,f0cbff08-b0be-4081-81c1-65c59aedc56e,develop-f0cbff08-b0be-4081-81c1-65c59aedc56e-1775449683987,2026-04-06 04:28:04.198977+00
6a217617-1265-43e2-99f3-8e5b44c9fac4,bf5424f6-adee-417f-b2a4-2558e9be9fc5,build-bf5424f6-1775464194199,2026-04-06 08:29:54.218953+00
aaac976e-2da3-4eb2-83b5-5bea4c376404,765e48bb-fb3f-447d-b0a1-f012e662c299,deploy-765e48bb-1775464194325,2026-04-06 08:29:54.349865+00
dba1c571-912d-4c7a-a9d2-1b4fe8fa0b8f,3c7c2515-5273-4f82-86d1-10e00f7229fb,build-3c7c2515-1775469199638,2026-04-06 09:53:19.973879+00
634d8ab4-3043-46b9-a861-26341d0b1299,3825e28a-cf87-44e4-a302-247bc0bd0f48,plan-3825e28a-cf87-44e4-a302-247bc0bd0f48-1775481135929,2026-04-06 13:12:15.945704+00
4315a09b-6dd0-4366-92eb-2495205e9668,f0cbff08-b0be-4081-81c1-65c59aedc56e,develop-f0cbff08-b0be-4081-81c1-65c59aedc56e-1775449716717,2026-04-06 04:28:36.770649+00
44aa379f-8ee4-47a0-8c3a-f2d73195ab3b,7fac6471-5a9c-42f3-994a-168f0a7475f4,develop-7fac6471-5a9c-42f3-994a-168f0a7475f4-1775464207655,2026-04-06 08:30:07.732414+00
67925c34-62ee-42f5-ad98-7386e7787eea,d7d84142-d016-422d-8e9c-a37c42d86917,merge-d7d84142-d016-422d-8e9c-a37c42d86917-1775464244299,2026-04-06 08:30:44.671374+00
8bd1f591-c916-472f-837f-5e76707c3e79,13ea9b23-9b8e-4886-9dfb-7c0d19e5cd06,deploy-13ea9b23-1775469223971,2026-04-06 09:53:46.863671+00
6fc359aa-7d9d-49c5-bd9b-05e7ddbdeae7,542b7d17-1f4a-447f-9824-729200b2d34e,build-542b7d17-1775481203397,2026-04-06 13:13:23.417646+00
0a8094ab-4251-400f-9977-64317b22d5fb,dd55c687-780d-4904-aaf7-01c7860abd8a,build-dd55c687-1775435089315,2026-04-06 00:24:49.326251+00
ef7128bb-20d2-4eac-a54a-03432e025213,dfc431bc-769f-49e3-83e2-323171a40f5b,develop-dfc431bc-769f-49e3-83e2-323171a40f5b-1775450023605,2026-04-06 04:33:43.696686+00
a0e38cda-1814-4faf-88c9-8d3fc5e36b28,d79c5d21-5dec-4d59-b02a-2527f0ba2557,plan-d79c5d21-5dec-4d59-b02a-2527f0ba2557-1775464281234,2026-04-06 08:31:21.240289+00
75965d81-0e61-4b77-823b-e9eed87c634e,3825e28a-cf87-44e4-a302-247bc0bd0f48,build-3825e28a-1775469277411,2026-04-06 09:54:37.523452+00
d2272945-765e-4833-9d93-c2126f05ab5d,dd55c687-780d-4904-aaf7-01c7860abd8a,review-corr-dd55c687-780d-4904-aaf7-01c7860abd8a-1775435161,2026-04-06 00:26:01.820267+00
3a63f336-8c88-4240-8b4c-e473ea4d792e,f0cbff08-b0be-4081-81c1-65c59aedc56e,develop-f0cbff08-b0be-4081-81c1-65c59aedc56e-1775450351074,2026-04-06 04:39:11.088931+00
2bfa012a-a76d-4ec5-8503-fe859fd641be,8fd4c2cd-de08-4599-b704-7b9eeb2d1909,review-corr-8fd4c2cd-de08-4599-b704-7b9eeb2d1909-1775469297,2026-04-06 09:54:57.095812+00
9f92727a-1cab-4fd2-a841-14a79a8321a7,542b7d17-1f4a-447f-9824-729200b2d34e,review-corr-542b7d17-1f4a-447f-9824-729200b2d34e-1775481333,2026-04-06 13:15:33.516174+00
f12dee64-f986-4adb-a553-6d17131907cf,4b2d0dd2-b530-4e7a-85e1-d3798779ebf9,build-4b2d0dd2-1775435200466,2026-04-06 00:26:41.233093+00
f53310ea-0515-43f6-9c58-13bd754316f5,dfc431bc-769f-49e3-83e2-323171a40f5b,develop-dfc431bc-769f-49e3-83e2-323171a40f5b-1775450661345,2026-04-06 04:44:21.529933+00
4ecd4dbd-c880-417d-9a20-dbe3e06ed76f,d7d84142-d016-422d-8e9c-a37c42d86917,deploy-d7d84142-1775464591200,2026-04-06 08:36:31.224455+00
ead4f148-cb88-4ba2-9acb-6b44cf65ef2b,7fac6471-5a9c-42f3-994a-168f0a7475f4,build-7fac6471-1775464605469,2026-04-06 08:36:45.485906+00
fa405bce-b8e2-4029-9d0b-6d6155eb118b,3a9aff3a-9e45-4557-896b-7015709ad993,build-3a9aff3a-1775469323263,2026-04-06 09:55:23.523765+00
7cc08b7e-3165-47cd-bfab-9980c9e1fef4,542b7d17-1f4a-447f-9824-729200b2d34e,merge-542b7d17-1f4a-447f-9824-729200b2d34e-1775481403884,2026-04-06 13:16:43.904198+00
b2aaf29e-3d7d-4226-b91a-9eb4199f6942,f0cbff08-b0be-4081-81c1-65c59aedc56e,develop-f0cbff08-b0be-4081-81c1-65c59aedc56e-1775450988785,2026-04-06 04:49:48.832127+00
76e1a9bd-0a7b-4cb4-bed3-831c47966e2b,8018bc16-f870-46fa-b01d-22a24429686e,merge-8018bc16-f870-46fa-b01d-22a24429686e-1775469413458,2026-04-06 09:56:53.705854+00
b7dfc8bb-0b4e-4fc3-a4ba-c5225d672bea,4b2d0dd2-b530-4e7a-85e1-d3798779ebf9,review-corr-4b2d0dd2-b530-4e7a-85e1-d3798779ebf9-1775435264,2026-04-06 00:27:44.997906+00
9f3f58a5-8a61-42ef-b42e-4966edb6f2fd,dd55c687-780d-4904-aaf7-01c7860abd8a,merge-dd55c687-780d-4904-aaf7-01c7860abd8a-1775435265049,2026-04-06 00:27:45.064224+00
f134c542-adb4-4a04-b417-a353dbcca8a1,dfc431bc-769f-49e3-83e2-323171a40f5b,develop-dfc431bc-769f-49e3-83e2-323171a40f5b-1775451297350,2026-04-06 04:54:57.41929+00
ce650750-7ef7-46ae-9a68-eb4c7d84fe52,7fac6471-5a9c-42f3-994a-168f0a7475f4,build-7fac6471-1775464690823,2026-04-06 08:38:10.836935+00
c7603009-48de-434a-8ae7-04e4dfdcdf35,8fd4c2cd-de08-4599-b704-7b9eeb2d1909,merge-8fd4c2cd-de08-4599-b704-7b9eeb2d1909-1775469458004,2026-04-06 09:57:38.236182+00
631adb12-b941-4b5e-8be7-fc9c97b86128,542b7d17-1f4a-447f-9824-729200b2d34e,deploy-542b7d17-1775481456289,2026-04-06 13:17:36.312632+00
124f33e9-ddbc-410b-bf73-1c7af54c3db1,f0cbff08-b0be-4081-81c1-65c59aedc56e,develop-f0cbff08-b0be-4081-81c1-65c59aedc56e-1775451626587,2026-04-06 05:00:26.677671+00
694fa531-cce2-4b0e-af27-547ab603f122,4b2d0dd2-b530-4e7a-85e1-d3798779ebf9,merge-4b2d0dd2-b530-4e7a-85e1-d3798779ebf9-1775435321548,2026-04-06 00:28:41.571226+00
25a2fa77-6dd2-4463-a75e-c09332f98e4b,dfc431bc-769f-49e3-83e2-323171a40f5b,develop-dfc431bc-769f-49e3-83e2-323171a40f5b-1775451942905,2026-04-06 05:05:42.916404+00
0b5b282a-9e70-46cb-baf2-8877c3329c60,7fac6471-5a9c-42f3-994a-168f0a7475f4,review-corr-7fac6471-5a9c-42f3-994a-168f0a7475f4-1775464703,2026-04-06 08:38:23.623122+00
6db77d47-6168-4ee2-9cf8-125b96dd83af,dd55c687-780d-4904-aaf7-01c7860abd8a,deploy-dd55c687-1775435321820,2026-04-06 00:28:41.833399+00
0ab5774e-7cec-47ea-a593-5b127d88a4d8,db0fcd31-f8ed-4720-aa6c-98a498cbbd0c,develop-db0fcd31-f8ed-4720-aa6c-98a498cbbd0c-1775452571228,2026-04-06 05:16:11.25558+00
76d5f619-af00-4d14-8e66-23d30f2bd93d,a4f9e580-cf01-418f-a396-0ee633fdf7a6,develop-a4f9e580-cf01-418f-a396-0ee633fdf7a6-1775464730299,2026-04-06 08:38:50.318839+00
cf9f96c2-a3c4-4e5a-901c-534d6c79e148,3c7c2515-5273-4f82-86d1-10e00f7229fb,review-corr-3c7c2515-5273-4f82-86d1-10e00f7229fb-1775469581,2026-04-06 09:59:41.67248+00
a81c63a3-71e5-4043-86c8-985888a70ac0,8fd4c2cd-de08-4599-b704-7b9eeb2d1909,deploy-8fd4c2cd-1775469584219,2026-04-06 09:59:44.627662+00
d7feea3a-9e73-41ae-9ee7-e29d5adcbba1,4b2d0dd2-b530-4e7a-85e1-d3798779ebf9,deploy-4b2d0dd2-1775435370257,2026-04-06 00:29:30.280095+00
707959da-33a8-45dc-9197-1a1ffc1c91a7,dfc431bc-769f-49e3-83e2-323171a40f5b,develop-dfc431bc-769f-49e3-83e2-323171a40f5b-1775452870208,2026-04-06 05:21:10.293643+00
42ff179d-e9b4-4e7f-95bf-9dee8e0f1c0d,d79c5d21-5dec-4d59-b02a-2527f0ba2557,develop-d79c5d21-5dec-4d59-b02a-2527f0ba2557-1775465087756,2026-04-06 08:44:48.200337+00
e934cc19-1301-47c7-a1e3-971c48b805de,7fac6471-5a9c-42f3-994a-168f0a7475f4,merge-7fac6471-5a9c-42f3-994a-168f0a7475f4-1775465088304,2026-04-06 08:44:48.330422+00
3c8d8a5a-5116-4c06-ae4e-b32fddf0562c,a4f9e580-cf01-418f-a396-0ee633fdf7a6,build-a4f9e580-1775465089199,2026-04-06 08:44:49.224699+00
f39ac594-0482-4d94-848d-102ca9bcafd4,3825e28a-cf87-44e4-a302-247bc0bd0f48,review-corr-3825e28a-cf87-44e4-a302-247bc0bd0f48-1775469630,2026-04-06 10:00:30.497891+00
e400b329-689d-4bbb-8677-a015e902cc03,db0fcd31-f8ed-4720-aa6c-98a498cbbd0c,develop-db0fcd31-f8ed-4720-aa6c-98a498cbbd0c-1775453202284,2026-04-06 05:26:42.372933+00
389c34c2-e3db-45df-bcb8-6d6aafe5e1bb,a4f9e580-cf01-418f-a396-0ee633fdf7a6,review-corr-a4f9e580-cf01-418f-a396-0ee633fdf7a6-1775465143,2026-04-06 08:45:43.906893+00
91f6c3d1-c95f-494a-baa4-1be9022460bf,7fac6471-5a9c-42f3-994a-168f0a7475f4,deploy-7fac6471-1775465144248,2026-04-06 08:45:44.281691+00
4c775203-703f-4722-8829-d50d43c96157,3a9aff3a-9e45-4557-896b-7015709ad993,review-corr-3a9aff3a-9e45-4557-896b-7015709ad993-1775469691,2026-04-06 10:01:31.649389+00
f2d3ec78-fcd1-46db-ace2-b680e3ff089a,3825e28a-cf87-44e4-a302-247bc0bd0f48,develop-3825e28a-cf87-44e4-a302-247bc0bd0f48-1775481563060,2026-04-06 13:19:23.077564+00
ecfad680-51c9-4ee6-93ec-e89962cb75d7,dfc431bc-769f-49e3-83e2-323171a40f5b,develop-dfc431bc-769f-49e3-83e2-323171a40f5b-1775453510395,2026-04-06 05:31:50.412962+00
a9c7971c-f5b1-4a1f-8669-3780b8873d24,3c7c2515-5273-4f82-86d1-10e00f7229fb,merge-3c7c2515-5273-4f82-86d1-10e00f7229fb-1775469709956,2026-04-06 10:01:49.978451+00
c01de54c-33bf-4e42-910f-0e544c5bbd08,c7894170-ab10-4a62-94da-576849c812a5,develop-c7894170-ab10-4a62-94da-576849c812a5-1775453521231,2026-04-06 05:32:01.350568+00
883ee04e-1cca-4dc3-86af-fa1d541c2e9b,d7d84142-d016-422d-8e9c-a37c42d86917,develop-d7d84142-d016-422d-8e9c-a37c42d86917-1775453521379,2026-04-06 05:32:01.551583+00
b005e006-f788-497d-9c6f-2786eaa5dd63,f0cbff08-b0be-4081-81c1-65c59aedc56e,develop-f0cbff08-b0be-4081-81c1-65c59aedc56e-1775453521571,2026-04-06 05:32:01.821584+00
8aabacf5-e1ca-454c-bbc8-a7ec1c338da0,a4f9e580-cf01-418f-a396-0ee633fdf7a6,merge-a4f9e580-cf01-418f-a396-0ee633fdf7a6-1775465257367,2026-04-06 08:47:37.390227+00
c5ccb831-ab2c-490f-8a67-1bc75f5f9a12,9d595ca9-e127-4bac-8811-5cea77c95b6c,plan-9d595ca9-e127-4bac-8811-5cea77c95b6c-1775469858304,2026-04-06 10:04:18.310754+00
320cdfb5-2dcc-4e8a-bca7-d2e7d4548777,e6853f93-50bf-424b-af3b-b6c59fab62fd,develop-e6853f93-50bf-424b-af3b-b6c59fab62fd-1775435748793,2026-04-06 00:35:48.817228+00
8026428d-80ed-4ab1-b47b-b2dce3b9e5f3,c7894170-ab10-4a62-94da-576849c812a5,develop-c7894170-ab10-4a62-94da-576849c812a5-1775453863124,2026-04-06 05:37:43.159818+00
d91c7680-b9af-4f14-8ed8-f87b6073b056,a4f9e580-cf01-418f-a396-0ee633fdf7a6,deploy-a4f9e580-1775465307364,2026-04-06 08:48:27.398282+00
5f6acd72-7e90-477d-8f04-32af50979ec3,3825e28a-cf87-44e4-a302-247bc0bd0f48,plan-3825e28a-cf87-44e4-a302-247bc0bd0f48-1775469872371,2026-04-06 10:04:32.377805+00
cb5d5096-3386-4c82-b916-76839fcebbc8,3a9aff3a-9e45-4557-896b-7015709ad993,merge-3a9aff3a-9e45-4557-896b-7015709ad993-1775469872452,2026-04-06 10:04:32.470078+00
a32b4cab-cc05-42ca-a0e2-d80480a3a9e9,3c7c2515-5273-4f82-86d1-10e00f7229fb,deploy-3c7c2515-1775469873212,2026-04-06 10:04:33.231056+00
a18fd04b-76fc-47cd-80ab-a11a25149aff,f0cbff08-b0be-4081-81c1-65c59aedc56e,build-f0cbff08-1775453876815,2026-04-06 05:37:56.839834+00
91670d33-7914-49b3-bc89-f779c2e00a12,8018bc16-f870-46fa-b01d-22a24429686e,develop-8018bc16-f870-46fa-b01d-22a24429686e-1775435761282,2026-04-06 00:36:01.296059+00
f41359e4-2402-41d9-bded-049e4e41c65b,dfc431bc-769f-49e3-83e2-323171a40f5b,build-dfc431bc-1775453876842,2026-04-06 05:37:56.857128+00
66b6c5a7-c9e0-4e9a-9639-e24624cad1cc,db0fcd31-f8ed-4720-aa6c-98a498cbbd0c,build-db0fcd31-1775453876858,2026-04-06 05:37:56.872004+00
0221af7b-a048-4371-aabb-e2f5bf89a7e6,2431486f-adf4-494e-be1a-bb3d20d92745,develop-2431486f-adf4-494e-be1a-bb3d20d92745-1775469891364,2026-04-06 10:04:51.452434+00
c9554c08-097a-4fff-80ef-dc251aaff20f,1eb1c49a-7236-4b0d-9ceb-303d4459a3aa,develop-1eb1c49a-7236-4b0d-9ceb-303d4459a3aa-1775469891471,2026-04-06 10:04:51.547549+00
40628d08-81b3-45f2-936c-8e7b08b716bc,41a0d6c1-2b4e-48ba-8a34-4c1191baa4d5,develop-41a0d6c1-2b4e-48ba-8a34-4c1191baa4d5-1775469891565,2026-04-06 10:04:51.704428+00
51451d5a-5ef1-4cd0-979e-e48954837cf0,3825e28a-cf87-44e4-a302-247bc0bd0f48,build-3825e28a-1775481919623,2026-04-06 13:25:19.640417+00
b388aa7d-1a04-4b17-93d2-f2152552f1f5,e6853f93-50bf-424b-af3b-b6c59fab62fd,build-e6853f93-1775436063427,2026-04-06 00:41:03.449204+00
c852ead4-9fe3-4752-b386-745f79cabefc,f0cbff08-b0be-4081-81c1-65c59aedc56e,review-corr-f0cbff08-b0be-4081-81c1-65c59aedc56e-1775454027,2026-04-06 05:40:27.680916+00
e286aa74-1ddc-48f6-9f57-e29e4c2f853a,dfc431bc-769f-49e3-83e2-323171a40f5b,review-corr-dfc431bc-769f-49e3-83e2-323171a40f5b-1775454027,2026-04-06 05:40:27.808284+00
9afb0f77-8b95-4267-ae5b-c86963f2ef79,db0fcd31-f8ed-4720-aa6c-98a498cbbd0c,review-corr-db0fcd31-f8ed-4720-aa6c-98a498cbbd0c-1775454027,2026-04-06 05:40:28.023561+00
79692460-fcea-4b82-8a66-ffff048859b7,3825e28a-cf87-44e4-a302-247bc0bd0f48,develop-3825e28a-cf87-44e4-a302-247bc0bd0f48-1775470008213,2026-04-06 10:06:48.310306+00
73ec4f2f-8524-44d1-a23f-52063ac9f84d,8018bc16-f870-46fa-b01d-22a24429686e,build-8018bc16-1775436074300,2026-04-06 00:41:14.322842+00
0f89efe1-1628-4826-96c3-502e8dab8be6,e6853f93-50bf-424b-af3b-b6c59fab62fd,review-corr-e6853f93-50bf-424b-af3b-b6c59fab62fd-1775436120,2026-04-06 00:42:00.171912+00
59b48d65-9ad3-426c-bbe7-d2a1d2ab0860,d7d84142-d016-422d-8e9c-a37c42d86917,build-d7d84142-1775454070199,2026-04-06 05:41:10.214711+00
c30dd0d0-cb5e-452f-8a30-379bc187f966,156927ec-20f1-4a52-a10b-d6b82a4ac529,plan-156927ec-20f1-4a52-a10b-d6b82a4ac529-1775465415286,2026-04-06 08:50:15.293243+00
0130b49d-5bc9-4461-9b1c-87c9004363c8,41a0d6c1-2b4e-48ba-8a34-4c1191baa4d5,build-41a0d6c1-1775470020627,2026-04-06 10:07:00.654254+00
af9e5ce5-c1a8-43c0-972c-49a157500969,8018bc16-f870-46fa-b01d-22a24429686e,review-corr-8018bc16-f870-46fa-b01d-22a24429686e-1775436147,2026-04-06 00:42:27.513775+00
f1da4f0b-b643-4c17-99f7-3966268c6bad,dfc431bc-769f-49e3-83e2-323171a40f5b,merge-dfc431bc-769f-49e3-83e2-323171a40f5b-1775454399378,2026-04-06 05:46:39.390155+00
1dde4d37-4bda-4a7f-b723-4b15a183dc3c,9d595ca9-e127-4bac-8811-5cea77c95b6c,develop-9d595ca9-e127-4bac-8811-5cea77c95b6c-1775470063610,2026-04-06 10:07:43.690701+00
fde9e00a-52e2-4eb5-a2e7-f07a3f96b56f,3825e28a-cf87-44e4-a302-247bc0bd0f48,review-corr-3825e28a-cf87-44e4-a302-247bc0bd0f48-1775482022,2026-04-06 13:27:02.828107+00
4458d2b8-a56f-4812-af33-06d1ec0984e4,e6853f93-50bf-424b-af3b-b6c59fab62fd,merge-e6853f93-50bf-424b-af3b-b6c59fab62fd-1775436207391,2026-04-06 00:43:27.414456+00
f9ee818e-8bdb-4e25-b8c3-0ae88463b1f0,f0cbff08-b0be-4081-81c1-65c59aedc56e,plan-f0cbff08-b0be-4081-81c1-65c59aedc56e-1775454412246,2026-04-06 05:46:52.251625+00
3a2b2f2f-92b7-4ab8-a2fd-02a2047b3e18,c7894170-ab10-4a62-94da-576849c812a5,build-c7894170-1775454413199,2026-04-06 05:46:53.220657+00
22875962-4e9c-447c-bdb1-b64c3541453c,d79c5d21-5dec-4d59-b02a-2527f0ba2557,build-d79c5d21-1775465441200,2026-04-06 08:50:41.22412+00
b122648b-f39d-4ad9-bbae-07dc4488c30f,2431486f-adf4-494e-be1a-bb3d20d92745,build-2431486f-1775470185449,2026-04-06 10:09:45.504624+00
2bf1da9d-26d5-4916-8df4-c2d6ff0a1e0d,8018bc16-f870-46fa-b01d-22a24429686e,merge-8018bc16-f870-46fa-b01d-22a24429686e-1775436227304,2026-04-06 00:43:47.325994+00
60764c38-5c08-46dc-bf5c-cc133a0cbafd,d7d84142-d016-422d-8e9c-a37c42d86917,review-corr-d7d84142-d016-422d-8e9c-a37c42d86917-1775454412,2026-04-06 05:46:52.373841+00
a107d157-921c-4a9c-92ca-856a0b8cac52,9d595ca9-e127-4bac-8811-5cea77c95b6c,build-9d595ca9-1775470242329,2026-04-06 10:10:42.35068+00
b26a499e-1f1e-4408-a584-d2d7f2eed3bf,e6853f93-50bf-424b-af3b-b6c59fab62fd,deploy-e6853f93-1775436251383,2026-04-06 00:44:11.406478+00
05c11d39-5542-46fe-991c-17f3216e839e,dfc431bc-769f-49e3-83e2-323171a40f5b,deploy-dfc431bc-1775454463430,2026-04-06 05:47:43.444521+00
bee7c3f7-0619-41bb-a2da-172ef90f60af,d79c5d21-5dec-4d59-b02a-2527f0ba2557,review-corr-d79c5d21-5dec-4d59-b02a-2527f0ba2557-1775465503,2026-04-06 08:51:43.410008+00
2405c672-9ba8-42d3-998c-4c6654d2dbc6,41a0d6c1-2b4e-48ba-8a34-4c1191baa4d5,review-corr-41a0d6c1-2b4e-48ba-8a34-4c1191baa4d5-1775470281,2026-04-06 10:11:21.876982+00
26941001-5785-45e3-baf7-a3ef34e9d55e,2431486f-adf4-494e-be1a-bb3d20d92745,review-corr-2431486f-adf4-494e-be1a-bb3d20d92745-1775470282,2026-04-06 10:11:22.172738+00
2c5546b6-8c7e-4897-90b0-128d3eeeb4a7,8018bc16-f870-46fa-b01d-22a24429686e,plan-8018bc16-f870-46fa-b01d-22a24429686e-1775436273278,2026-04-06 00:44:33.282608+00
80d65322-d63b-478a-8dfa-b761bcd3b41d,f0cbff08-b0be-4081-81c1-65c59aedc56e,develop-f0cbff08-b0be-4081-81c1-65c59aedc56e-1775454784653,2026-04-06 05:53:04.667498+00
8a0aa442-3f35-4167-bec8-99d085bcc9f5,2431486f-adf4-494e-be1a-bb3d20d92745,merge-2431486f-adf4-494e-be1a-bb3d20d92745-1775470372383,2026-04-06 10:12:52.397714+00
22cc8261-b7b6-4217-b70a-a66d75cc92ed,694be92f-2d90-4b06-b85a-bc8f2308a727,develop-694be92f-2d90-4b06-b85a-bc8f2308a727-1775436344204,2026-04-06 00:45:45.207688+00
da862e42-948f-48a1-a384-234dd8de8fad,c7894170-ab10-4a62-94da-576849c812a5,plan-c7894170-ab10-4a62-94da-576849c812a5-1775454784699,2026-04-06 05:53:04.70452+00
18ca8bd3-dcfb-4d37-b878-f888f538b94b,d7d84142-d016-422d-8e9c-a37c42d86917,merge-d7d84142-d016-422d-8e9c-a37c42d86917-1775454784781,2026-04-06 05:53:04.793904+00
4f157da3-970a-44bf-a451-0a55dc94f4f2,156927ec-20f1-4a52-a10b-d6b82a4ac529,develop-156927ec-20f1-4a52-a10b-d6b82a4ac529-1775465558875,2026-04-06 08:52:39.207307+00
2ffc8810-e4a9-47de-9224-68b5462afb95,9d595ca9-e127-4bac-8811-5cea77c95b6c,review-corr-9d595ca9-e127-4bac-8811-5cea77c95b6c-1775470679,2026-04-06 10:17:59.702136+00
20280517-c4ff-4ea0-b5b2-33208c28e402,41a0d6c1-2b4e-48ba-8a34-4c1191baa4d5,merge-41a0d6c1-2b4e-48ba-8a34-4c1191baa4d5-1775470679755,2026-04-06 10:17:59.771985+00
47455434-0b66-4f00-a5b0-dbedb062cd2f,8018bc16-f870-46fa-b01d-22a24429686e,develop-8018bc16-f870-46fa-b01d-22a24429686e-1775436366799,2026-04-06 00:46:06.818436+00
cbea0a16-0063-42b3-b18f-c6304f303b24,d7d84142-d016-422d-8e9c-a37c42d86917,plan-d7d84142-d016-422d-8e9c-a37c42d86917-1775454842625,2026-04-06 05:54:02.630086+00
8a6c03e4-1151-4991-b5c6-82728a129a98,d79c5d21-5dec-4d59-b02a-2527f0ba2557,merge-d79c5d21-5dec-4d59-b02a-2527f0ba2557-1775465625302,2026-04-06 08:53:45.315065+00
cf2dd31d-3cf3-42d7-8fea-4ba0b8854523,1eb1c49a-7236-4b0d-9ceb-303d4459a3aa,develop-1eb1c49a-7236-4b0d-9ceb-303d4459a3aa-1775470989682,2026-04-06 10:23:09.775297+00
66791ef8-f978-44b6-aa1d-8dd635b8fe8e,3825e28a-cf87-44e4-a302-247bc0bd0f48,build-3825e28a-1775470990012,2026-04-06 10:23:10.029235+00
d8204409-9394-4d85-a4e4-cc44f308930b,3825e28a-cf87-44e4-a302-247bc0bd0f48,merge-3825e28a-cf87-44e4-a302-247bc0bd0f48-1775482235640,2026-04-06 13:30:35.660987+00
0a8bab0e-6fbb-41be-9f65-f19d696f6301,d7d84142-d016-422d-8e9c-a37c42d86917,develop-d7d84142-d016-422d-8e9c-a37c42d86917-1775436446591,2026-04-06 00:47:26.612484+00
ef483ad1-5522-4b8e-9c35-d2557b1c55d9,8fd4c2cd-de08-4599-b704-7b9eeb2d1909,develop-8fd4c2cd-de08-4599-b704-7b9eeb2d1909-1775436446623,2026-04-06 00:47:27.199641+00
409050f9-8c1b-45f2-9e97-dba376aa11bd,26815bab-48ab-4cb9-a778-eb7eb87e6e2a,develop-26815bab-48ab-4cb9-a778-eb7eb87e6e2a-1775436447214,2026-04-06 00:47:28.210356+00
316fb043-d0e4-4657-bc3c-c1f550922a22,d4e00451-5f43-4e7b-9c21-b1b4f8d9f3c5,develop-d4e00451-5f43-4e7b-9c21-b1b4f8d9f3c5-1775436448234,2026-04-06 00:47:29.058918+00
e83b9cef-b475-44aa-b266-3f46bea543c1,ffa24c51-d8bd-48cf-8fcb-1361dfa94c4c,develop-ffa24c51-d8bd-48cf-8fcb-1361dfa94c4c-1775436449074,2026-04-06 00:47:29.211659+00
c7657ac0-2f06-45db-bea7-acaca36afc3c,220825ee-c005-4c94-a289-e7c95bb906c0,develop-220825ee-c005-4c94-a289-e7c95bb906c0-1775436449239,2026-04-06 00:47:30.209336+00
83b0927c-2db0-4446-9725-0c75d042f363,442c4bca-5c3f-4e50-b42f-32cdc3aec723,develop-442c4bca-5c3f-4e50-b42f-32cdc3aec723-1775436450241,2026-04-06 00:47:30.563873+00
8f2067de-a195-4fb2-b5ce-58646e67a723,dfc431bc-769f-49e3-83e2-323171a40f5b,develop-dfc431bc-769f-49e3-83e2-323171a40f5b-1775436450592,2026-04-06 00:47:31.209337+00
dface07e-6737-4f61-9b82-1eed932cb39e,d79c5d21-5dec-4d59-b02a-2527f0ba2557,deploy-d79c5d21-1775465669224,2026-04-06 08:54:29.248303+00
09f7d856-5128-42ae-afb9-201e85c32437,13ea9b23-9b8e-4886-9dfb-7c0d19e5cd06,develop-13ea9b23-9b8e-4886-9dfb-7c0d19e5cd06-1775436496871,2026-04-06 00:48:16.948225+00
2f05c573-4e04-4c99-ae8c-78e68c2ac5d2,2431486f-adf4-494e-be1a-bb3d20d92745,develop-2431486f-adf4-494e-be1a-bb3d20d92745-1775436496960,2026-04-06 00:48:17.051531+00
bd464c52-93c3-432e-8062-645abaeb75ee,db0fcd31-f8ed-4720-aa6c-98a498cbbd0c,develop-db0fcd31-f8ed-4720-aa6c-98a498cbbd0c-1775436497067,2026-04-06 00:48:17.210087+00
b7381464-129a-4a49-9f16-ec9efc794490,3c2166ef-7c66-4c11-8c90-e677c1376166,develop-3c2166ef-7c66-4c11-8c90-e677c1376166-1775436497232,2026-04-06 00:48:18.207374+00
e63f6e67-c3f4-4daf-813b-cf4cdc6a3f38,9d595ca9-e127-4bac-8811-5cea77c95b6c,develop-9d595ca9-e127-4bac-8811-5cea77c95b6c-1775436498223,2026-04-06 00:48:19.208609+00
29a26151-6b17-45d5-8139-69598305a7e9,41a0d6c1-2b4e-48ba-8a34-4c1191baa4d5,develop-41a0d6c1-2b4e-48ba-8a34-4c1191baa4d5-1775436499223,2026-04-06 00:48:20.114905+00
d9560c21-2a3a-4d8c-8998-e907f840b01a,bf5424f6-adee-417f-b2a4-2558e9be9fc5,develop-bf5424f6-adee-417f-b2a4-2558e9be9fc5-1775436500131,2026-04-06 00:48:20.215719+00
4136c935-88ff-428d-be93-b566c293da1c,3825e28a-cf87-44e4-a302-247bc0bd0f48,develop-3825e28a-cf87-44e4-a302-247bc0bd0f48-1775436500230,2026-04-06 00:48:20.563276+00
f484a2e1-984d-4607-a138-8060f7c7652a,3a9aff3a-9e45-4557-896b-7015709ad993,develop-3a9aff3a-9e45-4557-896b-7015709ad993-1775436500579,2026-04-06 00:48:21.208347+00
ce20c933-ccc4-469a-9de5-65aeacf3c746,a4f9e580-cf01-418f-a396-0ee633fdf7a6,develop-a4f9e580-cf01-418f-a396-0ee633fdf7a6-1775436501221,2026-04-06 00:48:22.208552+00
0c16ecfc-fa00-41b2-b1dc-af003b5da970,9c29ba56-fbb4-41f7-8bb3-4de282dc09eb,develop-9c29ba56-fbb4-41f7-8bb3-4de282dc09eb-1775436502220,2026-04-06 00:48:23.201677+00
34539df6-9122-4501-9286-884db6a7f8da,c7894170-ab10-4a62-94da-576849c812a5,develop-c7894170-ab10-4a62-94da-576849c812a5-1775436503215,2026-04-06 00:48:24.207941+00
64a2977f-6925-403e-93ae-c87d8d25bdd0,765e48bb-fb3f-447d-b0a1-f012e662c299,develop-765e48bb-fb3f-447d-b0a1-f012e662c299-1775436504219,2026-04-06 00:48:25.208395+00
fc26de06-777b-438f-aae1-cde53ed1b8e2,1eb1c49a-7236-4b0d-9ceb-303d4459a3aa,develop-1eb1c49a-7236-4b0d-9ceb-303d4459a3aa-1775436505223,2026-04-06 00:48:26.20911+00
579c0d72-3dab-4d4c-baa6-733f3378eb02,21ba6cd2-3d4e-493a-b749-4ce390b41cc5,develop-21ba6cd2-3d4e-493a-b749-4ce390b41cc5-1775436506229,2026-04-06 00:48:27.211375+00
1afa152b-8ade-4292-9d16-d2518ce253f3,f0cbff08-b0be-4081-81c1-65c59aedc56e,develop-f0cbff08-b0be-4081-81c1-65c59aedc56e-1775436507243,2026-04-06 00:48:28.212467+00
bf8273f0-afec-4acd-bcc2-2d59afb26cf4,c7894170-ab10-4a62-94da-576849c812a5,develop-c7894170-ab10-4a62-94da-576849c812a5-1775455152282,2026-04-06 05:59:12.37395+00
dd429490-3182-41f1-bc8c-49a8c59994cf,2431486f-adf4-494e-be1a-bb3d20d92745,deploy-2431486f-1775471006428,2026-04-06 10:23:26.445288+00
77060243-9be4-44b5-b549-8cddf834f4db,3825e28a-cf87-44e4-a302-247bc0bd0f48,deploy-3825e28a-1775482278254,2026-04-06 13:31:18.281341+00
a96a4a99-3a16-40d9-b9c7-498e85e6d3b5,8cdfd25f-e087-455b-a58d-44eb898868b3,develop-8cdfd25f-e087-455b-a58d-44eb898868b3-1775436508233,2026-04-06 00:48:29.208346+00
ad15b6a2-2fc4-49f9-96e0-cbe0cc5c732d,f0cbff08-b0be-4081-81c1-65c59aedc56e,build-f0cbff08-1775455164855,2026-04-06 05:59:24.869571+00
ab126203-669d-4085-9d57-959c16edbe67,2393c86c-bb6a-42e5-a3b2-74bd7ce34ac6,plan-2393c86c-bb6a-42e5-a3b2-74bd7ce34ac6-1775471041552,2026-04-06 10:24:01.558968+00
73a48c40-690e-4564-ae2b-bfa65cabe992,6d056945-fc79-4d8f-920b-e0c23a94d96a,plan-6d056945-fc79-4d8f-920b-e0c23a94d96a-1775482462908,2026-04-06 13:34:22.915896+00
6e1b98a9-d977-4b72-9d1c-cea4419462d5,694be92f-2d90-4b06-b85a-bc8f2308a727,build-694be92f-1775436575281,2026-04-06 00:49:35.295319+00
f1e9e78e-f479-47a1-b2fe-d24e00797481,d7d84142-d016-422d-8e9c-a37c42d86917,develop-d7d84142-d016-422d-8e9c-a37c42d86917-1775455481645,2026-04-06 06:04:42.19802+00
cd384693-5a04-413b-8df7-e015093ac135,f0cbff08-b0be-4081-81c1-65c59aedc56e,build-f0cbff08-1775455483200,2026-04-06 06:04:43.222691+00
ce3009c5-d37c-41a1-b765-482f9b639737,1eb1c49a-7236-4b0d-9ceb-303d4459a3aa,develop-1eb1c49a-7236-4b0d-9ceb-303d4459a3aa-1775471341435,2026-04-06 10:29:01.460278+00
1790347c-e618-4d2e-bb86-9da38490b2e8,2393c86c-bb6a-42e5-a3b2-74bd7ce34ac6,plan-2393c86c-bb6a-42e5-a3b2-74bd7ce34ac6-1775471372290,2026-04-06 10:29:32.296069+00
f5f367c3-2cdc-43db-a6f5-fc9d094391e2,0b393d3e-1bce-4f71-a752-2f67de8c6f6d,plan-0b393d3e-1bce-4f71-a752-2f67de8c6f6d-1775482462931,2026-04-06 13:34:22.937234+00
46b74ceb-621f-4c78-90b2-c1dbecb1bbf8,694be92f-2d90-4b06-b85a-bc8f2308a727,review-corr-694be92f-2d90-4b06-b85a-bc8f2308a727-1775436637,2026-04-06 00:50:37.273014+00
08a4fbfa-3526-45d2-a46a-5b73ae6368bd,c7894170-ab10-4a62-94da-576849c812a5,develop-c7894170-ab10-4a62-94da-576849c812a5-1775455788524,2026-04-06 06:09:48.543224+00
a88367ac-ea9b-4839-b4ed-f0e933fbaaa8,156927ec-20f1-4a52-a10b-d6b82a4ac529,build-156927ec-1775465807579,2026-04-06 08:56:47.802529+00
5210b10c-9bc8-4d67-b525-c8002e1b9fb9,3825e28a-cf87-44e4-a302-247bc0bd0f48,review-corr-3825e28a-cf87-44e4-a302-247bc0bd0f48-1775471355,2026-04-06 10:29:15.753679+00
19230666-74b7-4533-a218-c561c1453cfd,9d595ca9-e127-4bac-8811-5cea77c95b6c,merge-9d595ca9-e127-4bac-8811-5cea77c95b6c-1775471355823,2026-04-06 10:29:15.84065+00
31aa3309-b6b2-4c13-b225-7a8b9398224a,3a9aff3a-9e45-4557-896b-7015709ad993,plan-3a9aff3a-9e45-4557-896b-7015709ad993-1775471372264,2026-04-06 10:29:32.272718+00
aa9c306c-b8c1-4912-b4e5-90ec53880b9f,6d056945-fc79-4d8f-920b-e0c23a94d96a,develop-6d056945-fc79-4d8f-920b-e0c23a94d96a-1775482564270,2026-04-06 13:36:04.298009+00
989501a5-6d30-41c3-a8e3-84f4121c803e,0b393d3e-1bce-4f71-a752-2f67de8c6f6d,develop-0b393d3e-1bce-4f71-a752-2f67de8c6f6d-1775482564309,2026-04-06 13:36:05.208522+00
8b7c9388-a92f-40f5-a110-c236ca5f9edc,d4e00451-5f43-4e7b-9c21-b1b4f8d9f3c5,build-d4e00451-1775436664444,2026-04-06 00:51:04.613945+00
1fce3f4e-0da0-4438-9dc9-4b87901a7c32,f0cbff08-b0be-4081-81c1-65c59aedc56e,review-corr-f0cbff08-b0be-4081-81c1-65c59aedc56e-1775455788,2026-04-06 06:09:48.715697+00
ddbc52e6-85fe-47a5-b08d-a1a1264f1589,1eb1c49a-7236-4b0d-9ceb-303d4459a3aa,develop-1eb1c49a-7236-4b0d-9ceb-303d4459a3aa-1775471978883,2026-04-06 10:39:38.914451+00
788617a4-ab59-4936-81b8-38bacbe6781b,3825e28a-cf87-44e4-a302-247bc0bd0f48,merge-3825e28a-cf87-44e4-a302-247bc0bd0f48-1775471979008,2026-04-06 10:39:39.024993+00
9269e453-eb35-457d-9c63-5f9cf205ed11,9d595ca9-e127-4bac-8811-5cea77c95b6c,deploy-9d595ca9-1775471979316,2026-04-06 10:39:39.336475+00
b80b226b-9562-4e19-aa0c-649ad739dd39,e2f8611d-6e34-4d7a-a3f0-0c178303ad4b,develop-e2f8611d-6e34-4d7a-a3f0-0c178303ad4b-1775424863731,2026-04-05 21:34:23.805639+00
81368bb0-6073-402f-bee5-c252802e2026,694be92f-2d90-4b06-b85a-bc8f2308a727,merge-694be92f-2d90-4b06-b85a-bc8f2308a727-1775436725097,2026-04-06 00:52:05.11641+00
ef47a82a-018a-4efc-a225-f724761576cf,156927ec-20f1-4a52-a10b-d6b82a4ac529,review-corr-156927ec-20f1-4a52-a10b-d6b82a4ac529-1775465879,2026-04-06 08:57:59.550826+00
4403631a-b709-4d74-8ad5-d2419ee48c7a,3a9aff3a-9e45-4557-896b-7015709ad993,develop-3a9aff3a-9e45-4557-896b-7015709ad993-1775472287536,2026-04-06 10:44:47.633962+00
20e69ac8-a8f6-47f8-b62e-dfa315d34b9a,0b393d3e-1bce-4f71-a752-2f67de8c6f6d,build-0b393d3e-1775482819974,2026-04-06 13:40:19.994996+00
056d3cd0-5fed-441d-b20e-65059e8e5367,e2f8611d-6e34-4d7a-a3f0-0c178303ad4b,build-e2f8611d-1775425160254,2026-04-05 21:39:20.272363+00
b57013d4-3ea3-49ba-a2ae-1c3c0c98f146,d4e00451-5f43-4e7b-9c21-b1b4f8d9f3c5,review-corr-d4e00451-5f43-4e7b-9c21-b1b4f8d9f3c5-1775436748,2026-04-06 00:52:28.142915+00
6b692e8c-994d-4394-b66a-82b99ce6a378,d7d84142-d016-422d-8e9c-a37c42d86917,develop-d7d84142-d016-422d-8e9c-a37c42d86917-1775456119313,2026-04-06 06:15:19.343524+00
f1de4de0-4ac5-4441-8037-977f4830574e,2393c86c-bb6a-42e5-a3b2-74bd7ce34ac6,plan-2393c86c-bb6a-42e5-a3b2-74bd7ce34ac6-1775472287660,2026-04-06 10:44:47.668272+00
ba3539fe-8340-4582-a7fa-12fe82385c93,6d056945-fc79-4d8f-920b-e0c23a94d96a,build-6d056945-1775482829808,2026-04-06 13:40:29.828221+00
370e671c-e4ed-460b-b649-7ba296e8c3db,e2f8611d-6e34-4d7a-a3f0-0c178303ad4b,review-corr-e2f8611d-6e34-4d7a-a3f0-0c178303ad4b-1775425213,2026-04-05 21:40:13.463295+00
f31dd3a8-67ec-4a54-b0e9-444cce685c71,8018bc16-f870-46fa-b01d-22a24429686e,build-8018bc16-1775436748949,2026-04-06 00:52:30.094258+00
f9e67afb-4df5-482d-93ac-d0f62592be5c,c7894170-ab10-4a62-94da-576849c812a5,develop-c7894170-ab10-4a62-94da-576849c812a5-1775456427619,2026-04-06 06:20:27.653115+00
7f068d27-911a-4017-aca9-5c07acb41518,3825e28a-cf87-44e4-a302-247bc0bd0f48,plan-3825e28a-cf87-44e4-a302-247bc0bd0f48-1775472606695,2026-04-06 10:50:06.709364+00
def9737e-f953-4170-80d3-7ca2a72027af,1eb1c49a-7236-4b0d-9ceb-303d4459a3aa,build-1eb1c49a-1775472607016,2026-04-06 10:50:07.041614+00
248eba77-7bf9-437e-8856-a50e8691c203,0b393d3e-1bce-4f71-a752-2f67de8c6f6d,review-corr-0b393d3e-1bce-4f71-a752-2f67de8c6f6d-1775482889,2026-04-06 13:41:29.229006+00
f92375a1-8cb8-4b2b-bbe7-574183c6f9cb,d7d84142-d016-422d-8e9c-a37c42d86917,build-d7d84142-1775436831326,2026-04-06 00:53:51.344815+00
66e2d492-f8b5-4325-83dc-220101092c5c,13ea9b23-9b8e-4886-9dfb-7c0d19e5cd06,build-13ea9b23-1775436831347,2026-04-06 00:53:51.365531+00
f4afcaab-f8c8-46d1-ae53-4b13a649ef18,f0cbff08-b0be-4081-81c1-65c59aedc56e,merge-f0cbff08-b0be-4081-81c1-65c59aedc56e-1775456427783,2026-04-06 06:20:27.799506+00
08ad2295-cfd2-4296-b402-723bbdd42743,6d056945-fc79-4d8f-920b-e0c23a94d96a,review-corr-6d056945-fc79-4d8f-920b-e0c23a94d96a-1775482901,2026-04-06 13:41:41.446958+00
e79d416c-1792-4f53-9193-9ddd4f560fa5,e2f8611d-6e34-4d7a-a3f0-0c178303ad4b,merge-e2f8611d-6e34-4d7a-a3f0-0c178303ad4b-1775425338901,2026-04-05 21:42:18.921534+00
ec825ac1-8527-4622-b148-1d5aa97632c8,694be92f-2d90-4b06-b85a-bc8f2308a727,deploy-694be92f-1775436831715,2026-04-06 00:53:51.746164+00
d3a82a0b-13f0-46ad-a481-1c907062c908,156927ec-20f1-4a52-a10b-d6b82a4ac529,merge-156927ec-20f1-4a52-a10b-d6b82a4ac529-1775465979986,2026-04-06 08:59:40.009485+00
0438b8e6-f3ab-4748-97f7-23951e6d502a,1eb1c49a-7236-4b0d-9ceb-303d4459a3aa,review-corr-1eb1c49a-7236-4b0d-9ceb-303d4459a3aa-1775472653,2026-04-06 10:50:53.999647+00
35d3546f-f824-4e2d-93e4-1ffe678a366e,3a9aff3a-9e45-4557-896b-7015709ad993,build-3a9aff3a-1775472654201,2026-04-06 10:50:54.230973+00
57b44d2e-e0d1-4b22-b77a-f27c39560f1b,6d056945-fc79-4d8f-920b-e0c23a94d96a,merge-6d056945-fc79-4d8f-920b-e0c23a94d96a-1775482971566,2026-04-06 13:42:51.590108+00
6c53a0e6-15d1-4075-a8d1-7c2b60fd1997,0b393d3e-1bce-4f71-a752-2f67de8c6f6d,merge-0b393d3e-1bce-4f71-a752-2f67de8c6f6d-1775482971643,2026-04-06 13:42:51.659023+00
4b88fa1e-d358-4744-8e18-1bf7bccbd60f,e2f8611d-6e34-4d7a-a3f0-0c178303ad4b,deploy-e2f8611d-1775425413439,2026-04-05 21:43:33.459494+00
1a388015-f864-4d07-9737-45fb6729f3de,ffa24c51-d8bd-48cf-8fcb-1361dfa94c4c,build-ffa24c51-1775436856539,2026-04-06 00:54:16.973122+00
69326a34-75b2-4fae-9e73-4bc57cd6917a,9d595ca9-e127-4bac-8811-5cea77c95b6c,build-9d595ca9-1775436857719,2026-04-06 00:54:17.741456+00
3571ac2d-9dde-4664-9a37-e57facabb908,220825ee-c005-4c94-a289-e7c95bb906c0,build-220825ee-1775436857751,2026-04-06 00:54:17.76919+00
2fcd4057-52c0-4cff-afed-3ff66a7319d5,d7d84142-d016-422d-8e9c-a37c42d86917,develop-d7d84142-d016-422d-8e9c-a37c42d86917-1775456759430,2026-04-06 06:25:59.506473+00
2ae6d1d7-28de-47bb-bd58-b0679429cdf3,13ea9b23-9b8e-4886-9dfb-7c0d19e5cd06,develop-13ea9b23-9b8e-4886-9dfb-7c0d19e5cd06-1775466006487,2026-04-06 09:00:06.597898+00
39917d69-e4ae-4db8-8335-18c2ed42297d,1eb1c49a-7236-4b0d-9ceb-303d4459a3aa,develop-1eb1c49a-7236-4b0d-9ceb-303d4459a3aa-1775466007181,2026-04-06 09:00:07.201094+00
9955ddb6-46f5-4aad-92a0-b96b1a14a7e7,21ba6cd2-3d4e-493a-b749-4ce390b41cc5,develop-21ba6cd2-3d4e-493a-b749-4ce390b41cc5-1775466007249,2026-04-06 09:00:07.434715+00
8aa3a280-cfb0-40d2-bc38-f70143c0c39f,220825ee-c005-4c94-a289-e7c95bb906c0,develop-220825ee-c005-4c94-a289-e7c95bb906c0-1775466007448,2026-04-06 09:00:07.760293+00
89fc6319-2755-477f-af96-ca773d1d2e49,2431486f-adf4-494e-be1a-bb3d20d92745,develop-2431486f-adf4-494e-be1a-bb3d20d92745-1775466007776,2026-04-06 09:00:08.055551+00
914c6fb5-7a43-433c-9626-e1e62edb5cc6,3825e28a-cf87-44e4-a302-247bc0bd0f48,develop-3825e28a-cf87-44e4-a302-247bc0bd0f48-1775466008084,2026-04-06 09:00:08.198296+00
3b25a1f4-7047-4be9-85b0-2c039e206fa8,3a9aff3a-9e45-4557-896b-7015709ad993,develop-3a9aff3a-9e45-4557-896b-7015709ad993-1775466008213,2026-04-06 09:00:08.762195+00
e8069a29-1a97-4f72-8c46-7db942194b2a,3c2166ef-7c66-4c11-8c90-e677c1376166,develop-3c2166ef-7c66-4c11-8c90-e677c1376166-1775466008780,2026-04-06 09:00:08.89662+00
00d8f381-6d10-4cfd-9179-d08db82e3cc4,41a0d6c1-2b4e-48ba-8a34-4c1191baa4d5,develop-41a0d6c1-2b4e-48ba-8a34-4c1191baa4d5-1775466008911,2026-04-06 09:00:09.066692+00
200ad357-0ead-44e4-aac1-3b89e55fa3a7,8018bc16-f870-46fa-b01d-22a24429686e,develop-8018bc16-f870-46fa-b01d-22a24429686e-1775466009085,2026-04-06 09:00:09.199424+00
af4e8e8d-42f2-4674-b3b5-ad3f9e8125fe,8fd4c2cd-de08-4599-b704-7b9eeb2d1909,develop-8fd4c2cd-de08-4599-b704-7b9eeb2d1909-1775466009216,2026-04-06 09:00:09.769739+00
1be28544-052c-47aa-a559-0d847a624273,694be92f-2d90-4b06-b85a-bc8f2308a727,develop-694be92f-2d90-4b06-b85a-bc8f2308a727-1775466009789,2026-04-06 09:00:10.199142+00
2d78cabd-946e-426f-9acf-73f3b762090b,9d595ca9-e127-4bac-8811-5cea77c95b6c,develop-9d595ca9-e127-4bac-8811-5cea77c95b6c-1775466011814,2026-04-06 09:00:12.198486+00
eff8d7cf-011d-4582-a4f9-7e79692728ba,be0593fb-4442-4bfd-be8d-e7b5339ced69,develop-be0593fb-4442-4bfd-be8d-e7b5339ced69-1775425469136,2026-04-05 21:44:29.352187+00
9cec8264-7508-4b69-8046-24c9579ccee9,dfc431bc-769f-49e3-83e2-323171a40f5b,build-dfc431bc-1775436883332,2026-04-06 00:54:44.99005+00
e648af4d-66d9-481f-ac16-4e5669c0c8fd,26815bab-48ab-4cb9-a778-eb7eb87e6e2a,develop-26815bab-48ab-4cb9-a778-eb7eb87e6e2a-1775466013751,2026-04-06 09:00:14.201167+00
b9707df5-af55-4363-aeba-f137b3f764ab,2393c86c-bb6a-42e5-a3b2-74bd7ce34ac6,develop-2393c86c-bb6a-42e5-a3b2-74bd7ce34ac6-1775473002551,2026-04-06 10:56:42.627222+00
1fbeea6c-5c0a-411a-9f8f-e94c4401abf4,6d056945-fc79-4d8f-920b-e0c23a94d96a,deploy-6d056945-1775483017433,2026-04-06 13:43:37.587966+00
2e223cc7-0d19-43fd-ae09-660001db6a6d,0b393d3e-1bce-4f71-a752-2f67de8c6f6d,deploy-0b393d3e-1775483017789,2026-04-06 13:43:37.910974+00
45c9b707-d5a3-4da1-a6fc-72dcc7a9b6d5,be0593fb-4442-4bfd-be8d-e7b5339ced69,build-be0593fb-1775425533481,2026-04-05 21:45:33.515742+00
ad07dce6-73de-4be6-8b43-4024bedab5b2,d4e00451-5f43-4e7b-9c21-b1b4f8d9f3c5,merge-d4e00451-5f43-4e7b-9c21-b1b4f8d9f3c5-1775436909478,2026-04-06 00:55:11.60374+00
8db5fa6b-9c9d-4bf6-887b-5fcb091fdb53,3a9aff3a-9e45-4557-896b-7015709ad993,build-3a9aff3a-1775436911655,2026-04-06 00:55:11.882679+00
b370e5a9-1a74-4f07-85dd-3facfd3f4ad5,2431486f-adf4-494e-be1a-bb3d20d92745,build-2431486f-1775436912086,2026-04-06 00:55:12.158317+00
fae83781-dd89-40d7-969c-347b5ca2aa76,442c4bca-5c3f-4e50-b42f-32cdc3aec723,build-442c4bca-1775436937912,2026-04-06 00:55:39.729079+00
fbd9dbbd-815e-47cd-b961-883b193a91ed,c7894170-ab10-4a62-94da-576849c812a5,develop-c7894170-ab10-4a62-94da-576849c812a5-1775457067037,2026-04-06 06:31:07.072682+00
6439fa2f-55d1-4a16-b925-d05537167f9c,f0cbff08-b0be-4081-81c1-65c59aedc56e,plan-f0cbff08-b0be-4081-81c1-65c59aedc56e-1775457067141,2026-04-06 06:31:07.145273+00
c5fc5423-d1b6-4d83-8fe5-b18dabc45757,156927ec-20f1-4a52-a10b-d6b82a4ac529,deploy-156927ec-1775466060309,2026-04-06 09:01:00.325968+00
eba9d692-dd9f-4faa-a797-0d7306035e58,3a9aff3a-9e45-4557-896b-7015709ad993,review-corr-3a9aff3a-9e45-4557-896b-7015709ad993-1775473015,2026-04-06 10:56:55.438996+00
395ff64f-b385-4b2f-8e0b-bdd64fd45c28,1eb1c49a-7236-4b0d-9ceb-303d4459a3aa,merge-1eb1c49a-7236-4b0d-9ceb-303d4459a3aa-1775473015500,2026-04-06 10:56:55.520633+00
c9045669-5e89-406e-b04d-bc7ab27dacec,41a0d6c1-2b4e-48ba-8a34-4c1191baa4d5,build-41a0d6c1-1775436981664,2026-04-06 00:56:25.610812+00
0070d0ed-a90d-4dac-91fb-14e9a372468f,6d056945-fc79-4d8f-920b-e0c23a94d96a,plan-6d056945-fc79-4d8f-920b-e0c23a94d96a-1775483106284,2026-04-06 13:45:06.290826+00
8981413b-aff9-457c-8654-97a4d4de4feb,be0593fb-4442-4bfd-be8d-e7b5339ced69,review-corr-be0593fb-4442-4bfd-be8d-e7b5339ced69-1775425585,2026-04-05 21:46:25.795547+00
296665c0-dd0d-443e-82ea-cac060805833,ffa24c51-d8bd-48cf-8fcb-1361dfa94c4c,review-corr-ffa24c51-d8bd-48cf-8fcb-1361dfa94c4c-1775437078,2026-04-06 00:57:58.167414+00
c5d168f0-0bb8-411b-8eb6-027ff64cc525,d4e00451-5f43-4e7b-9c21-b1b4f8d9f3c5,deploy-d4e00451-1775437110824,2026-04-06 00:58:30.851898+00
ccf2d2d6-71d6-4f81-9022-304bff4037af,d7d84142-d016-422d-8e9c-a37c42d86917,build-d7d84142-1775457385199,2026-04-06 06:36:25.2117+00
ffc9a5ec-0078-4cdd-a1f2-d71af35db310,bf5424f6-adee-417f-b2a4-2558e9be9fc5,develop-bf5424f6-adee-417f-b2a4-2558e9be9fc5-1775466114323,2026-04-06 09:01:54.343078+00
d94d485d-a898-48da-867b-387c486bb7b5,694be92f-2d90-4b06-b85a-bc8f2308a727,build-694be92f-1775466115200,2026-04-06 09:01:55.219092+00
cd9bb1d2-bcf2-447e-a716-8facd09c13ed,c4dbfeb0-4360-4cca-bdc7-0bf8d298a42c,plan-c4dbfeb0-4360-4cca-bdc7-0bf8d298a42c-1775483120250,2026-04-06 13:45:20.257809+00
75367e1b-b7ba-46ef-816d-a9ede16d656c,be0593fb-4442-4bfd-be8d-e7b5339ced69,merge-be0593fb-4442-4bfd-be8d-e7b5339ced69-1775425649401,2026-04-05 21:47:29.413962+00
3ff15df9-dc1e-4b6d-aab3-3612ecd3f470,8fd4c2cd-de08-4599-b704-7b9eeb2d1909,build-8fd4c2cd-1775437110622,2026-04-06 00:58:30.652258+00
9bb8087e-e675-4d75-b765-3c167c98b196,3c2166ef-7c66-4c11-8c90-e677c1376166,build-3c2166ef-1775437110656,2026-04-06 00:58:30.682815+00
0ebc4e14-69bc-44e7-9d39-c47161562706,3825e28a-cf87-44e4-a302-247bc0bd0f48,build-3825e28a-1775437110687,2026-04-06 00:58:30.722885+00
59ed946f-a1e6-4ff9-957b-709cece8a0e1,c7894170-ab10-4a62-94da-576849c812a5,develop-c7894170-ab10-4a62-94da-576849c812a5-1775457702598,2026-04-06 06:41:42.612918+00
c4dbc965-208e-4138-98b9-1bf609fad3aa,f0cbff08-b0be-4081-81c1-65c59aedc56e,develop-f0cbff08-b0be-4081-81c1-65c59aedc56e-1775457702626,2026-04-06 06:41:43.107258+00
c9dc1b49-bea0-4369-b333-94cb8eaf283e,d7d84142-d016-422d-8e9c-a37c42d86917,review-corr-d7d84142-d016-422d-8e9c-a37c42d86917-1775457716,2026-04-06 06:41:56.337809+00
715e8111-7316-4f9a-84c8-6f168b3a1737,9d595ca9-e127-4bac-8811-5cea77c95b6c,build-9d595ca9-1775466138418,2026-04-06 09:02:18.436921+00
1eb4cd94-e4f3-40fc-a07a-9a24c4b08a0d,41a0d6c1-2b4e-48ba-8a34-4c1191baa4d5,build-41a0d6c1-1775466138439,2026-04-06 09:02:18.456449+00
fbe580a8-8c95-4454-b963-8c4e6b17ffa3,3a9aff3a-9e45-4557-896b-7015709ad993,build-3a9aff3a-1775466138459,2026-04-06 09:02:18.481734+00
b9f0e69a-79d6-4766-8f67-79a430c6e58c,2431486f-adf4-494e-be1a-bb3d20d92745,build-2431486f-1775466138483,2026-04-06 09:02:18.501461+00
85cdd159-4c3e-4a9a-ad47-6ff7addd8e72,3825e28a-cf87-44e4-a302-247bc0bd0f48,develop-3825e28a-cf87-44e4-a302-247bc0bd0f48-1775473096353,2026-04-06 10:58:16.4615+00
03969425-c167-4f32-982f-cd8f57b26b40,be0593fb-4442-4bfd-be8d-e7b5339ced69,deploy-be0593fb-1775425680813,2026-04-05 21:48:00.843051+00
1848f402-4365-4e4b-a691-9b3275ce04f3,bf5424f6-adee-417f-b2a4-2558e9be9fc5,build-bf5424f6-1775437164801,2026-04-06 00:59:25.41298+00
cf17972f-d4d4-4cc3-a65a-595e9e0afb88,3c2166ef-7c66-4c11-8c90-e677c1376166,build-3c2166ef-1775466175354,2026-04-06 09:02:55.392291+00
78254b4b-e56b-463c-9832-44f255f0182e,3a9aff3a-9e45-4557-896b-7015709ad993,plan-3a9aff3a-9e45-4557-896b-7015709ad993-1775473109556,2026-04-06 10:58:29.561702+00
af18085d-12e0-4d30-9dfb-9b5f6e660359,15457f73-f228-4e52-be09-b5c42f6dbc06,develop-15457f73-f228-4e52-be09-b5c42f6dbc06-1775425733278,2026-04-05 21:48:53.301099+00
c643eedc-011d-43a5-bb85-2fde01a147b6,1eb1c49a-7236-4b0d-9ceb-303d4459a3aa,build-1eb1c49a-1775437165492,2026-04-06 00:59:26.115203+00
3ac60c6a-2340-43ad-9b7f-d38192251593,8018bc16-f870-46fa-b01d-22a24429686e,build-8018bc16-1775466269719,2026-04-06 09:04:29.782648+00
0de3b733-daa0-423e-a0ce-1925b578eb4e,6d056945-fc79-4d8f-920b-e0c23a94d96a,develop-6d056945-fc79-4d8f-920b-e0c23a94d96a-1775483237302,2026-04-06 13:47:17.38831+00
372f8167-8c6d-4a46-92e2-1200eaa99b55,3825e28a-cf87-44e4-a302-247bc0bd0f48,review-corr-3825e28a-cf87-44e4-a302-247bc0bd0f48-1775437398,2026-04-06 01:03:18.908319+00
5a51c621-edcb-4d4a-a3da-416967b40aca,a4f9e580-cf01-418f-a396-0ee633fdf7a6,build-a4f9e580-1775437404420,2026-04-06 01:03:25.095169+00
a44f1fa4-2c25-4ec4-ba2c-31ab2ac88e0a,694be92f-2d90-4b06-b85a-bc8f2308a727,review-corr-694be92f-2d90-4b06-b85a-bc8f2308a727-1775466285,2026-04-06 09:04:45.663402+00
9a1b6633-6fc8-48b9-9a20-de8fbafa41bb,3a9aff3a-9e45-4557-896b-7015709ad993,develop-3a9aff3a-9e45-4557-896b-7015709ad993-1775473441593,2026-04-06 11:04:02.199257+00
9de54f8d-1803-4834-afe9-aa518c529607,2393c86c-bb6a-42e5-a3b2-74bd7ce34ac6,build-2393c86c-1775473442690,2026-04-06 11:04:02.710476+00
f3e89c76-1067-4151-bd73-aecf5971eeb2,c4dbfeb0-4360-4cca-bdc7-0bf8d298a42c,develop-c4dbfeb0-4360-4cca-bdc7-0bf8d298a42c-1775483265555,2026-04-06 13:47:45.658354+00
864f7c85-58a9-446f-879d-eb6acd3bfb21,15457f73-f228-4e52-be09-b5c42f6dbc06,build-15457f73-1775425973332,2026-04-05 21:52:53.354563+00
20df023e-4da7-40e0-bc53-b3e6453df279,ffa24c51-d8bd-48cf-8fcb-1361dfa94c4c,merge-ffa24c51-d8bd-48cf-8fcb-1361dfa94c4c-1775437400476,2026-04-06 01:03:20.513425+00
da550276-0d56-46a7-8a7b-fc6434c1f40f,db0fcd31-f8ed-4720-aa6c-98a498cbbd0c,build-db0fcd31-1775437401200,2026-04-06 01:03:22.591119+00
fc05746d-294e-487a-b180-485e1f076d6e,9c29ba56-fbb4-41f7-8bb3-4de282dc09eb,build-9c29ba56-1775437405290,2026-04-06 01:03:26.398406+00
bd0c3454-fd6a-4580-95ff-e4f19a334b97,d7d84142-d016-422d-8e9c-a37c42d86917,merge-d7d84142-d016-422d-8e9c-a37c42d86917-1775458083547,2026-04-06 06:48:03.562621+00
7cb999f8-f921-4877-be00-e41dd4dfd894,f0cbff08-b0be-4081-81c1-65c59aedc56e,build-f0cbff08-1775458083750,2026-04-06 06:48:03.764554+00
8c73389c-f99e-416d-9a30-8557f6a4843e,c7894170-ab10-4a62-94da-576849c812a5,build-c7894170-1775458083766,2026-04-06 06:48:03.785355+00
e4fe4d78-b03c-4760-b908-caf368bf631b,bf5424f6-adee-417f-b2a4-2558e9be9fc5,build-bf5424f6-1775466364019,2026-04-06 09:06:04.985532+00
6ac85157-4656-44ac-a96f-7590ad38189b,3a9aff3a-9e45-4557-896b-7015709ad993,develop-3a9aff3a-9e45-4557-896b-7015709ad993-1775473781990,2026-04-06 11:09:42.096878+00
237754c2-057c-49a5-9f7a-f92d1c3218fe,3825e28a-cf87-44e4-a302-247bc0bd0f48,build-3825e28a-1775473797439,2026-04-06 11:09:57.453686+00
6a79f955-8610-4836-bdfd-8181c1b96497,6d056945-fc79-4d8f-920b-e0c23a94d96a,build-6d056945-1775483307425,2026-04-06 13:48:27.449053+00
c2af64c6-f817-4210-b462-6e99226f5969,15457f73-f228-4e52-be09-b5c42f6dbc06,review-corr-15457f73-f228-4e52-be09-b5c42f6dbc06-1775426027,2026-04-05 21:53:47.22353+00
6942a1e8-62a3-4d29-b9e8-bd5232411816,26815bab-48ab-4cb9-a778-eb7eb87e6e2a,build-26815bab-1775437408084,2026-04-06 01:03:28.105826+00
45dfaace-0edf-4085-97f3-768378a2e2b7,21ba6cd2-3d4e-493a-b749-4ce390b41cc5,build-21ba6cd2-1775437408110,2026-04-06 01:03:28.222478+00
c2d52315-6c3c-4d80-8102-5c854241fb9a,1eb1c49a-7236-4b0d-9ceb-303d4459a3aa,build-1eb1c49a-1775466403711,2026-04-06 09:06:43.853785+00
410d3127-a1ad-4aa3-823d-243764b8bca9,2393c86c-bb6a-42e5-a3b2-74bd7ce34ac6,plan-2393c86c-bb6a-42e5-a3b2-74bd7ce34ac6-1775473809266,2026-04-06 11:10:09.271473+00
4375a6da-f9f5-4fe3-80bc-8c7cf44f220e,6d056945-fc79-4d8f-920b-e0c23a94d96a,build-6d056945-1775483353116,2026-04-06 13:49:13.128583+00
a20dea67-ba1d-4b23-857b-4b2c069aad13,15457f73-f228-4e52-be09-b5c42f6dbc06,merge-15457f73-f228-4e52-be09-b5c42f6dbc06-1775426103984,2026-04-05 21:55:04.004673+00
a4f3bc44-7ef5-47ae-8700-977c3d60e51b,15457f73-f228-4e52-be09-b5c42f6dbc06,deploy-15457f73-1775426146609,2026-04-05 21:55:46.632634+00
66b2c3c5-9159-4e2f-9b0d-b469b117365c,d7d84142-d016-422d-8e9c-a37c42d86917,review-corr-d7d84142-d016-422d-8e9c-a37c42d86917-1775437454,2026-04-06 01:04:14.51445+00
d1d1bacb-cb05-40e2-80d7-69c7eee845ad,8018bc16-f870-46fa-b01d-22a24429686e,review-corr-8018bc16-f870-46fa-b01d-22a24429686e-1775437456,2026-04-06 01:04:16.779745+00
7600123e-71ba-44db-a0d8-d36b7e8f986c,d7d84142-d016-422d-8e9c-a37c42d86917,plan-d7d84142-d016-422d-8e9c-a37c42d86917-1775458709955,2026-04-06 06:58:29.961414+00
486b68fc-6ce2-4129-b34a-05d988e7b76e,2431486f-adf4-494e-be1a-bb3d20d92745,review-corr-2431486f-adf4-494e-be1a-bb3d20d92745-1775466432,2026-04-06 09:07:12.690511+00
7ccd6405-e459-4a67-b254-3830ef59f276,3a9aff3a-9e45-4557-896b-7015709ad993,develop-3a9aff3a-9e45-4557-896b-7015709ad993-1775474127052,2026-04-06 11:15:27.151307+00
abc15e5a-11bd-4b2d-b906-b3a0fce7f94e,6d056945-fc79-4d8f-920b-e0c23a94d96a,review-corr-6d056945-fc79-4d8f-920b-e0c23a94d96a-1775483365,2026-04-06 13:49:25.151461+00
a8a5d027-8fbb-4df5-998a-1305901541e8,15457f73-f228-4e52-be09-b5c42f6dbc06,plan-15457f73-f228-4e52-be09-b5c42f6dbc06-1775426186762,2026-04-05 21:56:26.765636+00
a3011472-da23-49f5-a507-f9e2d225034d,9d595ca9-e127-4bac-8811-5cea77c95b6c,review-corr-9d595ca9-e127-4bac-8811-5cea77c95b6c-1775437573,2026-04-06 01:06:13.990658+00
73964e81-7e4c-4541-92ad-5451c43bbec8,13ea9b23-9b8e-4886-9dfb-7c0d19e5cd06,review-corr-13ea9b23-9b8e-4886-9dfb-7c0d19e5cd06-1775437575,2026-04-06 01:06:15.519377+00
e7dd46f4-6387-4c6f-adc6-74c79ec3548f,f0cbff08-b0be-4081-81c1-65c59aedc56e,build-f0cbff08-1775437575643,2026-04-06 01:06:15.766204+00
5899609d-858d-4c47-b6f3-4f86d79bcf66,8cdfd25f-e087-455b-a58d-44eb898868b3,build-8cdfd25f-1775437575799,2026-04-06 01:06:19.603302+00
7ee3eda4-94c9-493a-85e4-e288fc084267,f0cbff08-b0be-4081-81c1-65c59aedc56e,review-corr-f0cbff08-b0be-4081-81c1-65c59aedc56e-1775458710,2026-04-06 06:58:30.105005+00
4cc9591a-74ad-4f85-a87d-50cd092daee7,c7894170-ab10-4a62-94da-576849c812a5,review-corr-c7894170-ab10-4a62-94da-576849c812a5-1775458710,2026-04-06 06:58:30.234337+00
f2c33c30-4030-44ad-b74b-07635a1a7fc0,694be92f-2d90-4b06-b85a-bc8f2308a727,merge-694be92f-2d90-4b06-b85a-bc8f2308a727-1775466488355,2026-04-06 09:08:11.40975+00
c732e944-e973-4cbe-ae87-7c49efec00fd,2393c86c-bb6a-42e5-a3b2-74bd7ce34ac6,develop-2393c86c-bb6a-42e5-a3b2-74bd7ce34ac6-1775474142533,2026-04-06 11:15:42.724343+00
c8f9ba73-75f7-47b8-8a80-d51d6a431437,6d056945-fc79-4d8f-920b-e0c23a94d96a,merge-6d056945-fc79-4d8f-920b-e0c23a94d96a-1775483424300,2026-04-06 13:50:24.319576+00
71e41871-aeb7-4211-bcf5-6dbf1fa2e8df,2431486f-adf4-494e-be1a-bb3d20d92745,review-corr-2431486f-adf4-494e-be1a-bb3d20d92745-1775437618,2026-04-06 01:06:58.599221+00
54d6c16b-e338-496f-ac66-f3d049ec7620,3c2166ef-7c66-4c11-8c90-e677c1376166,review-corr-3c2166ef-7c66-4c11-8c90-e677c1376166-1775466614,2026-04-06 09:10:14.605224+00
9ede56fe-6935-4731-9ae2-e8120acb1e4b,13ea9b23-9b8e-4886-9dfb-7c0d19e5cd06,build-13ea9b23-1775466616189,2026-04-06 09:10:17.657407+00
10e8dec1-0507-4a5f-9186-79a2b79cbd9d,3825e28a-cf87-44e4-a302-247bc0bd0f48,review-corr-3825e28a-cf87-44e4-a302-247bc0bd0f48-1775474143,2026-04-06 11:15:43.174429+00
bf5e362d-d0ba-49ad-bcb7-798d8389223b,c4dbfeb0-4360-4cca-bdc7-0bf8d298a42c,build-c4dbfeb0-1775483512643,2026-04-06 13:51:52.662348+00
d77143ad-c960-4553-bc23-24b6ab9c5f18,442c4bca-5c3f-4e50-b42f-32cdc3aec723,review-corr-442c4bca-5c3f-4e50-b42f-32cdc3aec723-1775437656,2026-04-06 01:07:36.557852+00
692cb430-8761-4e8c-8b44-91a7ebd6fd33,41a0d6c1-2b4e-48ba-8a34-4c1191baa4d5,review-corr-41a0d6c1-2b4e-48ba-8a34-4c1191baa4d5-1775437658,2026-04-06 01:07:38.561663+00
cb797aaa-1b74-42a8-8c4b-e3ab68bd31ee,3a9aff3a-9e45-4557-896b-7015709ad993,review-corr-3a9aff3a-9e45-4557-896b-7015709ad993-1775437659,2026-04-06 01:07:39.435255+00
592743b5-be30-4a7f-bd8d-1f5407135634,2431486f-adf4-494e-be1a-bb3d20d92745,merge-2431486f-adf4-494e-be1a-bb3d20d92745-1775466682343,2026-04-06 09:11:22.374113+00
9831ea41-bea0-4f75-acce-be8caa3bc635,8fd4c2cd-de08-4599-b704-7b9eeb2d1909,build-8fd4c2cd-1775466682567,2026-04-06 09:11:22.691892+00
ec5265fa-7eed-49d8-8a40-a0004e1a1ac6,3825e28a-cf87-44e4-a302-247bc0bd0f48,merge-3825e28a-cf87-44e4-a302-247bc0bd0f48-1775474495900,2026-04-06 11:21:35.917876+00
22278cfc-98c5-4926-a560-892156600f3d,c4dbfeb0-4360-4cca-bdc7-0bf8d298a42c,build-c4dbfeb0-1775483555686,2026-04-06 13:52:35.69947+00
c96afd01-7718-42b0-82d6-07fbcb333ed0,d7d84142-d016-422d-8e9c-a37c42d86917,merge-d7d84142-d016-422d-8e9c-a37c42d86917-1775437749691,2026-04-06 01:09:10.495534+00
c270a4fc-b07c-4972-85a6-6bdda0ba0707,3825e28a-cf87-44e4-a302-247bc0bd0f48,build-3825e28a-1775466683746,2026-04-06 09:11:24.740322+00
d619546f-0a82-43d0-a325-2137efa3c2c8,21ba6cd2-3d4e-493a-b749-4ce390b41cc5,build-21ba6cd2-1775466684793,2026-04-06 09:11:24.992433+00
c18e1ce1-5f99-4221-a2c8-2c1b43eceb2c,3a9aff3a-9e45-4557-896b-7015709ad993,build-3a9aff3a-1775474513257,2026-04-06 11:21:53.278449+00
9f0371dc-f181-4daa-af0a-1ba9e2c581d6,2393c86c-bb6a-42e5-a3b2-74bd7ce34ac6,build-2393c86c-1775474513280,2026-04-06 11:21:53.297549+00
3410da5a-9468-41f9-82a4-e54be3769da5,c4dbfeb0-4360-4cca-bdc7-0bf8d298a42c,review-corr-c4dbfeb0-4360-4cca-bdc7-0bf8d298a42c-1775483567,2026-04-06 13:52:47.394541+00
76da4ab1-c006-422e-b733-1a73bd05a6bc,3c2166ef-7c66-4c11-8c90-e677c1376166,review-corr-3c2166ef-7c66-4c11-8c90-e677c1376166-1775437799,2026-04-06 01:10:00.039918+00
ed2bb97c-1242-406b-8e64-efc942b0f50d,d7d84142-d016-422d-8e9c-a37c42d86917,develop-d7d84142-d016-422d-8e9c-a37c42d86917-1775459381215,2026-04-06 07:09:41.261738+00
281580ff-fa03-4e39-9ad3-bb1c5148db01,f0cbff08-b0be-4081-81c1-65c59aedc56e,merge-f0cbff08-b0be-4081-81c1-65c59aedc56e-1775459381360,2026-04-06 07:09:41.375179+00
c424ae29-e8fc-4d15-873c-b5c7ce3964c1,c7894170-ab10-4a62-94da-576849c812a5,merge-c7894170-ab10-4a62-94da-576849c812a5-1775459381433,2026-04-06 07:09:41.448873+00
1d018931-163e-49ff-8fce-8f339b9f1b99,220825ee-c005-4c94-a289-e7c95bb906c0,build-220825ee-1775466713200,2026-04-06 09:11:54.581545+00
4868d9b5-0853-48c4-aa82-755b8293e5a7,3825e28a-cf87-44e4-a302-247bc0bd0f48,plan-3825e28a-cf87-44e4-a302-247bc0bd0f48-1775474539540,2026-04-06 11:22:19.545622+00
29a2bdbf-a46f-4135-9309-5feb5f626703,c4dbfeb0-4360-4cca-bdc7-0bf8d298a42c,merge-c4dbfeb0-4360-4cca-bdc7-0bf8d298a42c-1775483629364,2026-04-06 13:53:49.395223+00
2b95f8b6-0d51-4993-880a-4f77b5b176b3,15457f73-f228-4e52-be09-b5c42f6dbc06,develop-15457f73-f228-4e52-be09-b5c42f6dbc06-1775426519280,2026-04-05 22:01:59.390115+00
cb4473a9-fd71-4cc5-bc47-503930b71903,8018bc16-f870-46fa-b01d-22a24429686e,merge-8018bc16-f870-46fa-b01d-22a24429686e-1775437801751,2026-04-06 01:10:03.626539+00
22114c47-c7af-4311-b099-4ac401d49d2c,765e48bb-fb3f-447d-b0a1-f012e662c299,build-765e48bb-1775437805009,2026-04-06 01:10:05.413447+00
8541db3f-66ed-4c5f-aa5e-9a0f5b0745a0,ffa24c51-d8bd-48cf-8fcb-1361dfa94c4c,deploy-ffa24c51-1775437805859,2026-04-06 01:10:06.105802+00
1f3662c0-839b-428c-9463-35f8553d1060,db0fcd31-f8ed-4720-aa6c-98a498cbbd0c,develop-db0fcd31-f8ed-4720-aa6c-98a498cbbd0c-1775459407262,2026-04-06 07:10:07.278785+00
2f842922-fd22-4c8b-b64f-d562264b5e96,bf5424f6-adee-417f-b2a4-2558e9be9fc5,review-corr-bf5424f6-adee-417f-b2a4-2558e9be9fc5-1775466846,2026-04-06 09:14:06.598901+00
085afbcc-733f-4998-8560-419f41d31432,c4dbfeb0-4360-4cca-bdc7-0bf8d298a42c,deploy-c4dbfeb0-1775483668604,2026-04-06 13:54:28.626034+00
da13129d-7168-4abe-95e0-c2a6261192a4,9d595ca9-e127-4bac-8811-5cea77c95b6c,merge-9d595ca9-e127-4bac-8811-5cea77c95b6c-1775437882508,2026-04-06 01:11:22.928985+00
93ef1446-bbc5-4b81-89c0-bfe2b590a50d,3c2166ef-7c66-4c11-8c90-e677c1376166,merge-3c2166ef-7c66-4c11-8c90-e677c1376166-1775466909423,2026-04-06 09:15:10.236981+00
c2e84709-fc69-4384-aaab-df31c3e89e77,3a9aff3a-9e45-4557-896b-7015709ad993,review-corr-3a9aff3a-9e45-4557-896b-7015709ad993-1775474863,2026-04-06 11:27:43.754319+00
e80d2096-a13f-4bb1-9a23-c9d659709852,2393c86c-bb6a-42e5-a3b2-74bd7ce34ac6,review-corr-2393c86c-bb6a-42e5-a3b2-74bd7ce34ac6-1775474863,2026-04-06 11:27:43.951316+00
a4660b04-d743-42c5-ab2f-20424cb7824f,15457f73-f228-4e52-be09-b5c42f6dbc06,build-15457f73-1775426682349,2026-04-05 22:04:42.36752+00
3ebf9a1e-e186-4eea-acc6-4065a2ae57cf,bf5424f6-adee-417f-b2a4-2558e9be9fc5,review-corr-bf5424f6-adee-417f-b2a4-2558e9be9fc5-1775437923,2026-04-06 01:12:04.009144+00
a09cf9b6-c7a9-4ad3-9780-2b7ef195c9ad,d7d84142-d016-422d-8e9c-a37c42d86917,develop-d7d84142-d016-422d-8e9c-a37c42d86917-1775460021915,2026-04-06 07:20:22.198425+00
4e733516-993d-4fcd-a57c-18aec08fc035,26815bab-48ab-4cb9-a778-eb7eb87e6e2a,build-26815bab-1775466983361,2026-04-06 09:16:23.963472+00
b4bacc4a-acfb-471d-ac65-860928c32f78,3825e28a-cf87-44e4-a302-247bc0bd0f48,develop-3825e28a-cf87-44e4-a302-247bc0bd0f48-1775475186268,2026-04-06 11:33:06.280733+00
dca1fe14-74ce-4a15-8193-27e8833de362,15457f73-f228-4e52-be09-b5c42f6dbc06,review-corr-15457f73-f228-4e52-be09-b5c42f6dbc06-1775426738,2026-04-05 22:05:38.40602+00
00434f2d-7568-4954-a090-c68de0fa3516,41a0d6c1-2b4e-48ba-8a34-4c1191baa4d5,merge-41a0d6c1-2b4e-48ba-8a34-4c1191baa4d5-1775437925876,2026-04-06 01:12:06.162269+00
119dc21f-b0b9-43c9-b5da-2a721f2e3117,2431486f-adf4-494e-be1a-bb3d20d92745,merge-2431486f-adf4-494e-be1a-bb3d20d92745-1775437926226,2026-04-06 01:12:06.27274+00
84a82a99-fd79-4643-ae38-6f2aacdcb25f,13ea9b23-9b8e-4886-9dfb-7c0d19e5cd06,merge-13ea9b23-9b8e-4886-9dfb-7c0d19e5cd06-1775437926399,2026-04-06 01:12:06.433188+00
02e45c86-12e5-4f5c-a3d0-9494a6c2bc6b,c7894170-ab10-4a62-94da-576849c812a5,build-c7894170-1775437927200,2026-04-06 01:12:07.73598+00
3f174048-abee-4f6f-af37-4ffd8916c26f,f0cbff08-b0be-4081-81c1-65c59aedc56e,plan-f0cbff08-b0be-4081-81c1-65c59aedc56e-1775460022236,2026-04-06 07:20:22.241328+00
a829e4cb-c568-4060-bce8-d5514d29c9bd,bf5424f6-adee-417f-b2a4-2558e9be9fc5,develop-bf5424f6-adee-417f-b2a4-2558e9be9fc5-1775460036216,2026-04-06 07:20:36.25366+00
5281e4b7-c1e4-4637-944a-aa4b8cd31e62,db0fcd31-f8ed-4720-aa6c-98a498cbbd0c,build-db0fcd31-1775460036434,2026-04-06 07:20:36.45936+00
5639b944-b993-409a-8f2b-f975c2be3623,442c4bca-5c3f-4e50-b42f-32cdc3aec723,merge-442c4bca-5c3f-4e50-b42f-32cdc3aec723-1775437965718,2026-04-06 01:12:47.245398+00
a9e7c1a6-60b1-473c-bd35-36c9cd10658b,db0fcd31-f8ed-4720-aa6c-98a498cbbd0c,review-corr-db0fcd31-f8ed-4720-aa6c-98a498cbbd0c-1775438001,2026-04-06 01:13:21.26743+00
8188539a-6a80-40f9-b2a5-3d08e1dbc4db,a4f9e580-cf01-418f-a396-0ee633fdf7a6,review-corr-a4f9e580-cf01-418f-a396-0ee633fdf7a6-1775438002,2026-04-06 01:13:22.632927+00
5fcd4c8e-5d3a-451a-8720-d2e2d4588c92,8fd4c2cd-de08-4599-b704-7b9eeb2d1909,review-corr-8fd4c2cd-de08-4599-b704-7b9eeb2d1909-1775438003,2026-04-06 01:13:23.472242+00
b7622a56-ae67-4c6f-a19b-67293e0329c5,21ba6cd2-3d4e-493a-b749-4ce390b41cc5,review-corr-21ba6cd2-3d4e-493a-b749-4ce390b41cc5-1775438009,2026-04-06 01:13:29.522112+00
3382617c-0fbf-41f8-84db-ed0f447c48a4,3c2166ef-7c66-4c11-8c90-e677c1376166,merge-3c2166ef-7c66-4c11-8c90-e677c1376166-1775438010855,2026-04-06 01:13:30.893318+00
2f4ab2b2-72cf-44c5-85f7-c4a00d502e45,8cdfd25f-e087-455b-a58d-44eb898868b3,develop-8cdfd25f-e087-455b-a58d-44eb898868b3-1775460359071,2026-04-06 07:25:59.087467+00
a0bef990-378d-4376-879f-283d5dfd82a6,9c29ba56-fbb4-41f7-8bb3-4de282dc09eb,develop-9c29ba56-fbb4-41f7-8bb3-4de282dc09eb-1775460359278,2026-04-06 07:25:59.725793+00
471d197e-ec2e-420f-b28b-e9051c26cef8,bf5424f6-adee-417f-b2a4-2558e9be9fc5,merge-bf5424f6-adee-417f-b2a4-2558e9be9fc5-1775467165238,2026-04-06 09:19:25.438205+00
907f2d77-894f-45f3-af97-f354792d9838,2393c86c-bb6a-42e5-a3b2-74bd7ce34ac6,merge-2393c86c-bb6a-42e5-a3b2-74bd7ce34ac6-1775475203342,2026-04-06 11:33:23.35872+00
adb69d6d-9403-4426-8f69-121ce37f3b9f,3a9aff3a-9e45-4557-896b-7015709ad993,merge-3a9aff3a-9e45-4557-896b-7015709ad993-1775475203416,2026-04-06 11:33:23.43348+00
0a73bb70-a83a-44a2-8b48-60c15c05dc5c,15457f73-f228-4e52-be09-b5c42f6dbc06,merge-15457f73-f228-4e52-be09-b5c42f6dbc06-1775426819361,2026-04-05 22:06:59.374368+00
51137fb5-a516-42e4-9535-e9313eba900b,15457f73-f228-4e52-be09-b5c42f6dbc06,deploy-15457f73-1775426860747,2026-04-05 22:07:40.772696+00
939941b5-b2fd-4fc0-9e7f-4986bf88d741,f0cbff08-b0be-4081-81c1-65c59aedc56e,review-corr-f0cbff08-b0be-4081-81c1-65c59aedc56e-1775438049,2026-04-06 01:14:09.205319+00
51494fe1-8f93-4ba1-be33-b99af901691a,bf5424f6-adee-417f-b2a4-2558e9be9fc5,develop-bf5424f6-adee-417f-b2a4-2558e9be9fc5-1775460683725,2026-04-06 07:31:23.776764+00
0e5813b2-2e45-4053-8180-67678e128094,db0fcd31-f8ed-4720-aa6c-98a498cbbd0c,review-corr-db0fcd31-f8ed-4720-aa6c-98a498cbbd0c-1775460700,2026-04-06 07:31:40.336205+00
b44b6b98-1b2b-4de3-a42c-903e34e3a37b,21ba6cd2-3d4e-493a-b749-4ce390b41cc5,review-corr-21ba6cd2-3d4e-493a-b749-4ce390b41cc5-1775467186,2026-04-06 09:19:47.001529+00
4d2a472f-7a8f-458b-a237-6ea5a7e2e395,3825e28a-cf87-44e4-a302-247bc0bd0f48,review-corr-3825e28a-cf87-44e4-a302-247bc0bd0f48-1775467258,2026-04-06 09:20:58.580069+00
147d2f13-ab66-419c-9bf2-1bf1db6a8fc9,9c29ba56-fbb4-41f7-8bb3-4de282dc09eb,review-corr-9c29ba56-fbb4-41f7-8bb3-4de282dc09eb-1775438085,2026-04-06 01:14:45.592229+00
f2a9452e-2f86-44c7-b74b-9c2bef060c43,8cdfd25f-e087-455b-a58d-44eb898868b3,review-corr-8cdfd25f-e087-455b-a58d-44eb898868b3-1775438086,2026-04-06 01:14:46.525382+00
436dc1c0-7e7d-4623-aff3-5026b55760c8,8cdfd25f-e087-455b-a58d-44eb898868b3,develop-8cdfd25f-e087-455b-a58d-44eb898868b3-1775461004796,2026-04-06 07:36:44.823242+00
42cbe217-35c6-444d-a084-c709a0566d9d,9c29ba56-fbb4-41f7-8bb3-4de282dc09eb,develop-9c29ba56-fbb4-41f7-8bb3-4de282dc09eb-1775461004838,2026-04-06 07:36:45.186055+00
1a0055bc-a6f1-4baa-9b9c-1ebb5126e2ca,8fd4c2cd-de08-4599-b704-7b9eeb2d1909,review-corr-8fd4c2cd-de08-4599-b704-7b9eeb2d1909-1775467291,2026-04-06 09:21:31.867597+00
af187632-78cf-4bb1-be23-01a1d45178c2,3a9aff3a-9e45-4557-896b-7015709ad993,deploy-3a9aff3a-1775475845349,2026-04-06 11:44:05.37318+00
a3fcb4ff-2f49-4cc7-a045-d219e161bd17,2393c86c-bb6a-42e5-a3b2-74bd7ce34ac6,deploy-2393c86c-1775475845376,2026-04-06 11:44:05.389238+00
25aa0a5b-c30c-4f4b-a158-ccf6f45ba72e,26815bab-48ab-4cb9-a778-eb7eb87e6e2a,review-corr-26815bab-48ab-4cb9-a778-eb7eb87e6e2a-1775438399,2026-04-06 01:19:59.17528+00
19b015c0-9e52-43d5-8e7a-e070f9aad1c3,442c4bca-5c3f-4e50-b42f-32cdc3aec723,deploy-442c4bca-1775438399220,2026-04-06 01:19:59.235132+00
38fa7845-2114-4de1-9c58-a7c662ff479d,c7894170-ab10-4a62-94da-576849c812a5,review-corr-c7894170-ab10-4a62-94da-576849c812a5-1775438708,2026-04-06 01:25:08.411856+00
d1bfeef3-e874-44ef-a852-de6ada79f7bf,765e48bb-fb3f-447d-b0a1-f012e662c299,review-corr-765e48bb-fb3f-447d-b0a1-f012e662c299-1775438708,2026-04-06 01:25:08.527214+00
30eb0dd1-016c-4c89-916d-b070dfa52641,bf5424f6-adee-417f-b2a4-2558e9be9fc5,develop-bf5424f6-adee-417f-b2a4-2558e9be9fc5-1775461324057,2026-04-06 07:42:04.071697+00
5ddf6c09-ecb0-4538-aa67-09f51d90f3d8,bf5424f6-adee-417f-b2a4-2558e9be9fc5,deploy-bf5424f6-1775467337437,2026-04-06 09:22:18.129184+00
e2c7e09b-8509-4fed-87de-265643b90af3,db0fcd31-f8ed-4720-aa6c-98a498cbbd0c,develop-db0fcd31-f8ed-4720-aa6c-98a498cbbd0c-1775439701413,2026-04-06 01:41:41.459913+00
eb9466e9-65b0-4d3f-8727-6e87232745c9,8cdfd25f-e087-455b-a58d-44eb898868b3,develop-8cdfd25f-e087-455b-a58d-44eb898868b3-1775461936698,2026-04-06 07:52:16.71133+00
3e5ee61a-1ac6-42b8-ac84-1322480a8dee,9c29ba56-fbb4-41f7-8bb3-4de282dc09eb,develop-9c29ba56-fbb4-41f7-8bb3-4de282dc09eb-1775461936724,2026-04-06 07:52:17.022329+00
bc145e25-81c5-417a-bcfb-7c9c2c7e2129,2431486f-adf4-494e-be1a-bb3d20d92745,develop-2431486f-adf4-494e-be1a-bb3d20d92745-1775467367380,2026-04-06 09:22:48.200668+00
609cf251-e1db-4516-a11a-8a89abe4a52a,3c2166ef-7c66-4c11-8c90-e677c1376166,develop-3c2166ef-7c66-4c11-8c90-e677c1376166-1775467368509,2026-04-06 09:22:49.198359+00
f5492a12-76c5-4e46-a495-03120310261b,37e7525b-5be6-4160-b7ca-25785f57e36b,plan-37e7525b-5be6-4160-b7ca-25785f57e36b-1775475911684,2026-04-06 11:45:11.691987+00
a01fc3cf-e542-4bc8-a6e1-1d34872460a9,a4f9e580-cf01-418f-a396-0ee633fdf7a6,develop-a4f9e580-cf01-418f-a396-0ee633fdf7a6-1775439701484,2026-04-06 01:41:42.198566+00
451d5676-a0fb-418e-a6ea-b368c57525c0,8fd4c2cd-de08-4599-b704-7b9eeb2d1909,develop-8fd4c2cd-de08-4599-b704-7b9eeb2d1909-1775439702226,2026-04-06 01:41:42.547447+00
d6f8dded-4fb2-4de3-9da5-6accab7a411a,21ba6cd2-3d4e-493a-b749-4ce390b41cc5,develop-21ba6cd2-3d4e-493a-b749-4ce390b41cc5-1775439702568,2026-04-06 01:41:43.198937+00
9212f66e-c967-489e-b77c-d487a94069c6,220825ee-c005-4c94-a289-e7c95bb906c0,develop-220825ee-c005-4c94-a289-e7c95bb906c0-1775439703231,2026-04-06 01:41:44.198336+00
f86bcf9c-9176-4e6c-8e4b-07ca91e2f848,1eb1c49a-7236-4b0d-9ceb-303d4459a3aa,develop-1eb1c49a-7236-4b0d-9ceb-303d4459a3aa-1775439704224,2026-04-06 01:41:44.302016+00
19979f16-f66b-40ad-b31f-aae041fa84af,41a0d6c1-2b4e-48ba-8a34-4c1191baa4d5,develop-41a0d6c1-2b4e-48ba-8a34-4c1191baa4d5-1775439704315,2026-04-06 01:41:45.198356+00
e8f7cafa-21ea-4308-bc28-39e32efd01bb,3c2166ef-7c66-4c11-8c90-e677c1376166,develop-3c2166ef-7c66-4c11-8c90-e677c1376166-1775439705221,2026-04-06 01:41:46.199161+00
95797c69-7eb7-4a18-a7eb-85e86576f1f4,2431486f-adf4-494e-be1a-bb3d20d92745,develop-2431486f-adf4-494e-be1a-bb3d20d92745-1775439706218,2026-04-06 01:41:47.198655+00
0b1ffd58-80ec-4eaf-b6a9-2f56c9cafeb4,9d595ca9-e127-4bac-8811-5cea77c95b6c,develop-9d595ca9-e127-4bac-8811-5cea77c95b6c-1775439707223,2026-04-06 01:41:48.197934+00
21ec9f23-951a-4640-a5db-852d72cd740b,bf5424f6-adee-417f-b2a4-2558e9be9fc5,develop-bf5424f6-adee-417f-b2a4-2558e9be9fc5-1775462256664,2026-04-06 07:57:36.79037+00
95c4e65e-d70e-4d4d-a789-3a490895730a,21ba6cd2-3d4e-493a-b749-4ce390b41cc5,merge-21ba6cd2-3d4e-493a-b749-4ce390b41cc5-1775467401456,2026-04-06 09:23:23.304787+00
5c36fb9a-4f1d-41bd-853e-9890c711b973,13ea9b23-9b8e-4886-9dfb-7c0d19e5cd06,develop-13ea9b23-9b8e-4886-9dfb-7c0d19e5cd06-1775439708219,2026-04-06 01:41:48.824067+00
f34bcf86-3580-4092-9892-ea5e5ba1af7d,8018bc16-f870-46fa-b01d-22a24429686e,develop-8018bc16-f870-46fa-b01d-22a24429686e-1775439708846,2026-04-06 01:41:49.198538+00
25e1e596-f3b5-424a-8b9b-afb33aa8e566,3a9aff3a-9e45-4557-896b-7015709ad993,develop-3a9aff3a-9e45-4557-896b-7015709ad993-1775439709218,2026-04-06 01:41:49.551548+00
e59d3d57-b259-4849-910a-e05b191d50fd,dfc431bc-769f-49e3-83e2-323171a40f5b,develop-dfc431bc-769f-49e3-83e2-323171a40f5b-1775439709574,2026-04-06 01:41:50.198501+00
45ff799a-b53d-459b-82fc-c3207418be4a,d7d84142-d016-422d-8e9c-a37c42d86917,develop-d7d84142-d016-422d-8e9c-a37c42d86917-1775439710217,2026-04-06 01:41:50.749085+00
4bc6ab00-97b5-4664-9eaa-c29238c7135d,3825e28a-cf87-44e4-a302-247bc0bd0f48,develop-3825e28a-cf87-44e4-a302-247bc0bd0f48-1775439710795,2026-04-06 01:41:51.198033+00
efc7ec45-1385-4d11-a112-d762fa2c18ed,694be92f-2d90-4b06-b85a-bc8f2308a727,develop-694be92f-2d90-4b06-b85a-bc8f2308a727-1775439711213,2026-04-06 01:41:52.198517+00
6b2cf118-fa68-4b42-9ae8-544111dc6d5f,d7d84142-d016-422d-8e9c-a37c42d86917,plan-d7d84142-d016-422d-8e9c-a37c42d86917-1775462256839,2026-04-06 07:57:36.849834+00
8adf1204-66da-4fd6-b11b-fad927ddb72a,26815bab-48ab-4cb9-a778-eb7eb87e6e2a,review-corr-26815bab-48ab-4cb9-a778-eb7eb87e6e2a-1775467466,2026-04-06 09:24:26.578535+00
f868e1bc-bd4c-4a22-bdb6-3b9c2096ac13,13ea9b23-9b8e-4886-9dfb-7c0d19e5cd06,develop-13ea9b23-9b8e-4886-9dfb-7c0d19e5cd06-1775440383829,2026-04-06 01:53:03.865662+00
17001120-d453-434c-b57e-64ed9bbf6397,1eb1c49a-7236-4b0d-9ceb-303d4459a3aa,develop-1eb1c49a-7236-4b0d-9ceb-303d4459a3aa-1775440383886,2026-04-06 01:53:04.197847+00
6926f544-22b2-40d9-8fc3-57bfe054f326,21ba6cd2-3d4e-493a-b749-4ce390b41cc5,develop-21ba6cd2-3d4e-493a-b749-4ce390b41cc5-1775440384218,2026-04-06 01:53:05.19963+00
b11b6877-7908-4b42-864b-845df7043e64,220825ee-c005-4c94-a289-e7c95bb906c0,develop-220825ee-c005-4c94-a289-e7c95bb906c0-1775440385221,2026-04-06 01:53:06.198271+00
91a779e6-65fe-4503-97f3-49e2f72e4173,2431486f-adf4-494e-be1a-bb3d20d92745,develop-2431486f-adf4-494e-be1a-bb3d20d92745-1775440386222,2026-04-06 01:53:07.198551+00
0122cfd6-5e03-4eaa-8e99-f94150805993,3825e28a-cf87-44e4-a302-247bc0bd0f48,develop-3825e28a-cf87-44e4-a302-247bc0bd0f48-1775440387240,2026-04-06 01:53:08.201024+00
9a4fd7f5-e78e-44eb-afb1-12f85470a3fc,9c29ba56-fbb4-41f7-8bb3-4de282dc09eb,build-9c29ba56-1775462269352,2026-04-06 07:57:49.367431+00
103dceed-6f1a-486a-bc64-5d77ac719b2b,8cdfd25f-e087-455b-a58d-44eb898868b3,build-8cdfd25f-1775462269369,2026-04-06 07:57:49.382329+00
f624c9fa-fd02-48fd-97e6-1cca13078caf,8fd4c2cd-de08-4599-b704-7b9eeb2d1909,merge-8fd4c2cd-de08-4599-b704-7b9eeb2d1909-1775467543465,2026-04-06 09:25:43.895081+00
c47ac6d8-219a-4b35-b9dc-1972eba9f1ac,37e7525b-5be6-4160-b7ca-25785f57e36b,plan-37e7525b-5be6-4160-b7ca-25785f57e36b-1775476247194,2026-04-06 11:50:47.20199+00
24ec02fc-03c8-4f81-a718-dbfc1020fa86,dd55c687-780d-4904-aaf7-01c7860abd8a,develop-dd55c687-780d-4904-aaf7-01c7860abd8a-1775427491781,2026-04-05 22:18:11.825212+00
739e73c6-265b-47e9-a382-8df8d1785a42,3a9aff3a-9e45-4557-896b-7015709ad993,develop-3a9aff3a-9e45-4557-896b-7015709ad993-1775440388242,2026-04-06 01:53:09.198597+00
19a3083d-3acf-4e2b-860c-948570e3cdd8,3c2166ef-7c66-4c11-8c90-e677c1376166,develop-3c2166ef-7c66-4c11-8c90-e677c1376166-1775440389225,2026-04-06 01:53:10.198531+00
809e9891-4a80-4219-acd3-22546cc8500a,41a0d6c1-2b4e-48ba-8a34-4c1191baa4d5,develop-41a0d6c1-2b4e-48ba-8a34-4c1191baa4d5-1775440390234,2026-04-06 01:53:10.777366+00
2d2ac6c1-a17e-42ba-8df4-0f1f743f2b6c,694be92f-2d90-4b06-b85a-bc8f2308a727,develop-694be92f-2d90-4b06-b85a-bc8f2308a727-1775440390795,2026-04-06 01:53:11.199957+00
c03facb0-c80e-47aa-a01c-0d96d31b4940,8018bc16-f870-46fa-b01d-22a24429686e,develop-8018bc16-f870-46fa-b01d-22a24429686e-1775440391235,2026-04-06 01:53:11.311274+00
0e9a2cf8-6b36-4419-8009-ef374508971d,8fd4c2cd-de08-4599-b704-7b9eeb2d1909,develop-8fd4c2cd-de08-4599-b704-7b9eeb2d1909-1775440391325,2026-04-06 01:53:12.198029+00
c11a624e-333e-44f1-86df-9b9d4865790e,9d595ca9-e127-4bac-8811-5cea77c95b6c,develop-9d595ca9-e127-4bac-8811-5cea77c95b6c-1775440392219,2026-04-06 01:53:12.854615+00
b48a41b1-1d79-4fe2-bdc2-7606cbf67810,a4f9e580-cf01-418f-a396-0ee633fdf7a6,develop-a4f9e580-cf01-418f-a396-0ee633fdf7a6-1775440392876,2026-04-06 01:53:13.198225+00
3cb10931-bdf6-4664-91f2-bb81f1a16e5a,d7d84142-d016-422d-8e9c-a37c42d86917,develop-d7d84142-d016-422d-8e9c-a37c42d86917-1775440393222,2026-04-06 01:53:14.19901+00
0dd3f224-afbe-46c7-8f91-bb9ac44e5cf1,db0fcd31-f8ed-4720-aa6c-98a498cbbd0c,develop-db0fcd31-f8ed-4720-aa6c-98a498cbbd0c-1775440394223,2026-04-06 01:53:15.19875+00
cff41bd6-bc46-4975-a66b-cd6b2547a5c9,bf5424f6-adee-417f-b2a4-2558e9be9fc5,develop-bf5424f6-adee-417f-b2a4-2558e9be9fc5-1775462604239,2026-04-06 08:03:24.296011+00
e034ca95-328d-4185-b9ca-d45a0382c726,d7d84142-d016-422d-8e9c-a37c42d86917,develop-d7d84142-d016-422d-8e9c-a37c42d86917-1775462604311,2026-04-06 08:03:24.520622+00
cf5d6e22-abf1-4fd5-90fd-220b59dc5127,3c2166ef-7c66-4c11-8c90-e677c1376166,build-3c2166ef-1775467562200,2026-04-06 09:26:02.724291+00
1548669b-fcfa-4e85-a20e-15e804835f6d,2431486f-adf4-494e-be1a-bb3d20d92745,build-2431486f-1775467562948,2026-04-06 09:26:03.827997+00
0c0ad380-1c3f-4e37-9811-4f03aed7fff0,21ba6cd2-3d4e-493a-b749-4ce390b41cc5,deploy-21ba6cd2-1775467563977,2026-04-06 09:26:04.023395+00
13b9b61a-545c-4dfd-9c7d-e8b5e40abe4e,dfc431bc-769f-49e3-83e2-323171a40f5b,develop-dfc431bc-769f-49e3-83e2-323171a40f5b-1775440395219,2026-04-06 01:53:16.197775+00
0d48e51e-84ff-44f8-96cb-b99a2b1fe083,9c29ba56-fbb4-41f7-8bb3-4de282dc09eb,review-corr-9c29ba56-fbb4-41f7-8bb3-4de282dc09eb-1775462618,2026-04-06 08:03:38.480926+00
c9f15f18-1d15-40b3-ad87-a0257a29c95c,8cdfd25f-e087-455b-a58d-44eb898868b3,review-corr-8cdfd25f-e087-455b-a58d-44eb898868b3-1775462618,2026-04-06 08:03:38.641662+00
b9eda898-5bb7-4c1c-b23a-8303fd11022d,26815bab-48ab-4cb9-a778-eb7eb87e6e2a,merge-26815bab-48ab-4cb9-a778-eb7eb87e6e2a-1775467783413,2026-04-06 09:29:47.202729+00
3ed1b5ce-d09d-4993-a380-119295b334de,dd55c687-780d-4904-aaf7-01c7860abd8a,develop-dd55c687-780d-4904-aaf7-01c7860abd8a-1775428126204,2026-04-05 22:28:46.245992+00
0b53e1cb-f4f9-4fb5-b142-a34aec7acc51,26815bab-48ab-4cb9-a778-eb7eb87e6e2a,develop-26815bab-48ab-4cb9-a778-eb7eb87e6e2a-1775440417659,2026-04-06 01:53:37.720239+00
6492dcd2-d0ae-4ba9-9f7b-860f7ff4197f,bf5424f6-adee-417f-b2a4-2558e9be9fc5,develop-bf5424f6-adee-417f-b2a4-2558e9be9fc5-1775440417739,2026-04-06 01:53:37.787645+00
ea7f7ab5-2537-411d-8430-4ea5dd6b8f05,db0fcd31-f8ed-4720-aa6c-98a498cbbd0c,plan-db0fcd31-f8ed-4720-aa6c-98a498cbbd0c-1775462634234,2026-04-06 08:03:54.240827+00
382a94df-ae13-463c-b68d-58eca698a6f0,3c2166ef-7c66-4c11-8c90-e677c1376166,review-corr-3c2166ef-7c66-4c11-8c90-e677c1376166-1775467841,2026-04-06 09:30:41.38883+00
63e5b0bf-311e-4a24-b76f-f280a597bfa6,2431486f-adf4-494e-be1a-bb3d20d92745,review-corr-2431486f-adf4-494e-be1a-bb3d20d92745-1775467841,2026-04-06 09:30:41.650266+00
8c90c9a9-c9d8-4978-93d4-3346b7fe042c,37e7525b-5be6-4160-b7ca-25785f57e36b,plan-37e7525b-5be6-4160-b7ca-25785f57e36b-1775476575884,2026-04-06 11:56:15.894905+00
79b4579f-86ae-4a93-b043-044dca220781,8cdfd25f-e087-455b-a58d-44eb898868b3,develop-8cdfd25f-e087-455b-a58d-44eb898868b3-1775440417803,2026-04-06 01:53:38.197583+00
8b685006-39dd-427e-8489-b9bc53459df7,9c29ba56-fbb4-41f7-8bb3-4de282dc09eb,merge-9c29ba56-fbb4-41f7-8bb3-4de282dc09eb-1775462701183,2026-04-06 08:05:01.20842+00
cd1a2e90-fbeb-4c76-b8c0-074c1b3cb642,13ea9b23-9b8e-4886-9dfb-7c0d19e5cd06,plan-13ea9b23-9b8e-4886-9dfb-7c0d19e5cd06-1775467882317,2026-04-06 09:31:22.325216+00
88147808-de8f-4dfe-8c07-8bc7e650fcb4,f0cbff08-b0be-4081-81c1-65c59aedc56e,develop-f0cbff08-b0be-4081-81c1-65c59aedc56e-1775440418261,2026-04-06 01:53:38.729322+00
353c8794-bbed-488d-bc6d-fe39959cd916,9c29ba56-fbb4-41f7-8bb3-4de282dc09eb,develop-9c29ba56-fbb4-41f7-8bb3-4de282dc09eb-1775440418741,2026-04-06 01:53:38.862924+00
fcbc7016-a66e-45d1-8e4b-87189a465fef,8cdfd25f-e087-455b-a58d-44eb898868b3,merge-8cdfd25f-e087-455b-a58d-44eb898868b3-1775462743293,2026-04-06 08:05:43.319565+00
1a78d321-ad05-459f-9ead-dd8ba761ec0b,9c29ba56-fbb4-41f7-8bb3-4de282dc09eb,deploy-9c29ba56-1775462743929,2026-04-06 08:05:43.954912+00
4224a253-2021-4276-9119-7cd30825047f,26815bab-48ab-4cb9-a778-eb7eb87e6e2a,plan-26815bab-48ab-4cb9-a778-eb7eb87e6e2a-1775467882343,2026-04-06 09:31:22.349421+00
cc86b90e-ee3b-495b-9242-72c6885c2875,dd55c687-780d-4904-aaf7-01c7860abd8a,develop-dd55c687-780d-4904-aaf7-01c7860abd8a-1775428766651,2026-04-05 22:39:26.742002+00
5d12dd70-2fad-43a9-8b6b-b8cae73918f7,c7894170-ab10-4a62-94da-576849c812a5,plan-c7894170-ab10-4a62-94da-576849c812a5-1775441061413,2026-04-06 02:04:21.417429+00
169800c6-5c6a-45f2-9857-62d6d0db4442,8cdfd25f-e087-455b-a58d-44eb898868b3,deploy-8cdfd25f-1775462791356,2026-04-06 08:06:31.374128+00
5cb899d7-b679-4e3c-9387-ae8e7875374a,220825ee-c005-4c94-a289-e7c95bb906c0,plan-220825ee-c005-4c94-a289-e7c95bb906c0-1775467899295,2026-04-06 09:31:39.300204+00
a60da842-1a8c-4074-be59-b633711b9306,37e7525b-5be6-4160-b7ca-25785f57e36b,develop-37e7525b-5be6-4160-b7ca-25785f57e36b-1775477239211,2026-04-06 12:07:19.279697+00
b3dc7fe4-1031-4b70-abe7-2ec036dd8fcd,765e48bb-fb3f-447d-b0a1-f012e662c299,plan-765e48bb-fb3f-447d-b0a1-f012e662c299-1775441061429,2026-04-06 02:04:21.432793+00
76f6f1ad-9dd2-419a-beca-6994f21e834f,bf5424f6-adee-417f-b2a4-2558e9be9fc5,build-bf5424f6-1775462802749,2026-04-06 08:06:42.771434+00
764d37ee-ff65-4442-9ede-6c3ad37957fd,2431486f-adf4-494e-be1a-bb3d20d92745,merge-2431486f-adf4-494e-be1a-bb3d20d92745-1775467931912,2026-04-06 09:32:12.401238+00
9bff52f0-0a7d-4391-928a-0c1f63b768dc,3825e28a-cf87-44e4-a302-247bc0bd0f48,plan-3825e28a-cf87-44e4-a302-247bc0bd0f48-1775477239326,2026-04-06 12:07:19.333299+00
288e2b0e-e09f-4015-b8c3-de33840e743f,dd55c687-780d-4904-aaf7-01c7860abd8a,develop-dd55c687-780d-4904-aaf7-01c7860abd8a-1775429402269,2026-04-05 22:50:02.413201+00
d7b92ceb-d75d-4d97-9832-4c280384b904,765e48bb-fb3f-447d-b0a1-f012e662c299,develop-765e48bb-fb3f-447d-b0a1-f012e662c299-1775441402742,2026-04-06 02:10:02.862303+00
16f43c21-c4b2-48bb-8c43-094241e85e6e,c7894170-ab10-4a62-94da-576849c812a5,develop-c7894170-ab10-4a62-94da-576849c812a5-1775441402888,2026-04-06 02:10:03.20216+00
b0a320e8-53c9-4cf5-b9f9-a254601ff681,db0fcd31-f8ed-4720-aa6c-98a498cbbd0c,develop-db0fcd31-f8ed-4720-aa6c-98a498cbbd0c-1775462881776,2026-04-06 08:08:01.854645+00
03bc52a9-c71a-4ba9-af68-da89f06b4619,c7894170-ab10-4a62-94da-576849c812a5,develop-c7894170-ab10-4a62-94da-576849c812a5-1775462881873,2026-04-06 08:08:02.071062+00
be2824e3-927f-49ab-9b65-424ccad9e2e9,bf5424f6-adee-417f-b2a4-2558e9be9fc5,review-corr-bf5424f6-adee-417f-b2a4-2558e9be9fc5-1775462910,2026-04-06 08:08:30.318106+00
ca64a3f2-aa5d-4bda-b490-b82a046b0343,3c2166ef-7c66-4c11-8c90-e677c1376166,plan-3c2166ef-7c66-4c11-8c90-e677c1376166-1775467965530,2026-04-06 09:32:45.535736+00
8ea629cc-4625-400c-9558-dc6358444e5a,3c2166ef-7c66-4c11-8c90-e677c1376166,develop-3c2166ef-7c66-4c11-8c90-e677c1376166-1775468036945,2026-04-06 09:33:56.957854+00
38842a62-e2b3-4f66-8dec-1e191b3f28c0,765e48bb-fb3f-447d-b0a1-f012e662c299,develop-765e48bb-fb3f-447d-b0a1-f012e662c299-1775441742655,2026-04-06 02:15:42.683104+00
7c0d7aa0-1fe8-4538-a62f-ddb3d6ec55e8,c7894170-ab10-4a62-94da-576849c812a5,develop-c7894170-ab10-4a62-94da-576849c812a5-1775441742696,2026-04-06 02:15:43.080806+00
dd333508-39dc-47ce-b323-00cba25ef03d,c7894170-ab10-4a62-94da-576849c812a5,build-c7894170-1775462970677,2026-04-06 08:09:30.698478+00
fc86365c-ca9b-4090-a072-6dfad719741d,2431486f-adf4-494e-be1a-bb3d20d92745,plan-2431486f-adf4-494e-be1a-bb3d20d92745-1775467978332,2026-04-06 09:32:58.338169+00
03ed07bb-d35f-4251-8588-572e7daf5790,dd55c687-780d-4904-aaf7-01c7860abd8a,develop-dd55c687-780d-4904-aaf7-01c7860abd8a-1775430036736,2026-04-05 23:00:36.751075+00
79f51fc7-d135-4748-aa66-648f5f3141b9,765e48bb-fb3f-447d-b0a1-f012e662c299,develop-765e48bb-fb3f-447d-b0a1-f012e662c299-1775442079986,2026-04-06 02:21:20.064637+00
c4f5e4f1-a83f-4b83-b4f0-fa13f8af592a,c7894170-ab10-4a62-94da-576849c812a5,develop-c7894170-ab10-4a62-94da-576849c812a5-1775442080098,2026-04-06 02:21:20.1983+00
66029986-020c-4616-8a8b-52b56dd12b7b,bf5424f6-adee-417f-b2a4-2558e9be9fc5,plan-bf5424f6-adee-417f-b2a4-2558e9be9fc5-1775463035502,2026-04-06 08:10:35.507503+00
2a475932-ad41-4d6e-92dd-7e687c9699a3,1eb1c49a-7236-4b0d-9ceb-303d4459a3aa,plan-1eb1c49a-7236-4b0d-9ceb-303d4459a3aa-1775467999580,2026-04-06 09:33:19.586456+00
39a59492-2198-43d2-b100-be92d45af9b8,3825e28a-cf87-44e4-a302-247bc0bd0f48,develop-3825e28a-cf87-44e4-a302-247bc0bd0f48-1775477871375,2026-04-06 12:17:51.390316+00
8514f42e-4fdb-45c2-81d9-fc02bedcec06,37e7525b-5be6-4160-b7ca-25785f57e36b,build-37e7525b-1775477871987,2026-04-06 12:17:52.00873+00
ff5b0228-478a-429b-9db0-76eb396e99af,765e48bb-fb3f-447d-b0a1-f012e662c299,develop-765e48bb-fb3f-447d-b0a1-f012e662c299-1775442420772,2026-04-06 02:27:00.839138+00
3ef45f87-80bc-4567-96ed-09c96999af94,c7894170-ab10-4a62-94da-576849c812a5,develop-c7894170-ab10-4a62-94da-576849c812a5-1775442420882,2026-04-06 02:27:01.199517+00
51d35d7b-7ea2-4e97-a1f3-a19fe4e6ca33,c7894170-ab10-4a62-94da-576849c812a5,review-corr-c7894170-ab10-4a62-94da-576849c812a5-1775463035,2026-04-06 08:10:35.660489+00
bf906835-4d09-456e-bf1b-43c8b1a290c8,220825ee-c005-4c94-a289-e7c95bb906c0,develop-220825ee-c005-4c94-a289-e7c95bb906c0-1775468089250,2026-04-06 09:34:49.32115+00
2c0266e3-7a77-42d2-858c-4f71ab40cab2,37e7525b-5be6-4160-b7ca-25785f57e36b,review-corr-37e7525b-5be6-4160-b7ca-25785f57e36b-1775477921,2026-04-06 12:18:41.311591+00
ecac0476-5885-4598-b89e-34589b597dbb,765e48bb-fb3f-447d-b0a1-f012e662c299,develop-765e48bb-fb3f-447d-b0a1-f012e662c299-1775442757962,2026-04-06 02:32:37.975986+00
0be07c98-8247-42b2-a2f4-7a4c0bc5886f,c7894170-ab10-4a62-94da-576849c812a5,develop-c7894170-ab10-4a62-94da-576849c812a5-1775442757999,2026-04-06 02:32:38.19863+00
307a9b48-abaa-4aad-bdb8-ff570178a0d7,db0fcd31-f8ed-4720-aa6c-98a498cbbd0c,build-db0fcd31-1775463050652,2026-04-06 08:10:50.673875+00
dcee160e-2024-4000-a52b-e2b0bddecc13,1eb1c49a-7236-4b0d-9ceb-303d4459a3aa,develop-1eb1c49a-7236-4b0d-9ceb-303d4459a3aa-1775468166561,2026-04-06 09:36:06.576908+00
a561b7bc-af56-4cb1-a725-d6342badcf87,3c2166ef-7c66-4c11-8c90-e677c1376166,build-3c2166ef-1775468167200,2026-04-06 09:36:07.21723+00
45c6a79f-9eea-4d1a-b698-140b973e7dc3,dd55c687-780d-4904-aaf7-01c7860abd8a,develop-dd55c687-780d-4904-aaf7-01c7860abd8a-1775430673214,2026-04-05 23:11:13.280746+00
1dcfb41f-d8cc-4bdd-a608-6f8a01e5b03c,765e48bb-fb3f-447d-b0a1-f012e662c299,develop-765e48bb-fb3f-447d-b0a1-f012e662c299-1775443097210,2026-04-06 02:38:17.24296+00
d4141e35-af0d-42f4-baf2-577c668a55cd,c7894170-ab10-4a62-94da-576849c812a5,develop-c7894170-ab10-4a62-94da-576849c812a5-1775443097278,2026-04-06 02:38:17.93838+00
0076c63e-5659-4f74-abbc-a673fd27cb46,db0fcd31-f8ed-4720-aa6c-98a498cbbd0c,review-corr-db0fcd31-f8ed-4720-aa6c-98a498cbbd0c-1775463109,2026-04-06 08:11:49.833689+00
eaab8c1a-f2ad-4585-9b9d-08d3a3388a8d,c7894170-ab10-4a62-94da-576849c812a5,merge-c7894170-ab10-4a62-94da-576849c812a5-1775463109887,2026-04-06 08:11:49.905449+00
048ed0a1-9a85-42ec-b79f-b8cb35267f93,bf5424f6-adee-417f-b2a4-2558e9be9fc5,develop-bf5424f6-adee-417f-b2a4-2558e9be9fc5-1775463124280,2026-04-06 08:12:04.361964+00
234fb429-d2c5-4ba2-819b-cb120903fcdd,2431486f-adf4-494e-be1a-bb3d20d92745,develop-2431486f-adf4-494e-be1a-bb3d20d92745-1775468278831,2026-04-06 09:37:58.846652+00
ac1da82f-454c-46c7-917e-a5eb5c1127d3,13ea9b23-9b8e-4886-9dfb-7c0d19e5cd06,develop-13ea9b23-9b8e-4886-9dfb-7c0d19e5cd06-1775468279118,2026-04-06 09:37:59.197796+00
7391ffd8-f759-42bb-95be-f300bc36184b,765e48bb-fb3f-447d-b0a1-f012e662c299,develop-765e48bb-fb3f-447d-b0a1-f012e662c299-1775443439566,2026-04-06 02:43:59.577657+00
388f1b1d-c549-4197-92b5-369f4cec3e77,c7894170-ab10-4a62-94da-576849c812a5,develop-c7894170-ab10-4a62-94da-576849c812a5-1775443439590,2026-04-06 02:44:00.201017+00
de043bc1-5094-4bb6-8b00-7cf6cd33ed5b,d7d84142-d016-422d-8e9c-a37c42d86917,build-d7d84142-1775463138071,2026-04-06 08:12:18.095208+00
9062231b-a69c-4547-b7b4-61a7cc2944c6,3c2166ef-7c66-4c11-8c90-e677c1376166,review-corr-3c2166ef-7c66-4c11-8c90-e677c1376166-1775468346,2026-04-06 09:39:06.943274+00
58405346-8517-41a6-bbbc-97cef394c15c,220825ee-c005-4c94-a289-e7c95bb906c0,build-220825ee-1775468347200,2026-04-06 09:39:07.218767+00
3dada3cd-9c37-4246-93c4-bdad87889bcf,37e7525b-5be6-4160-b7ca-25785f57e36b,merge-37e7525b-5be6-4160-b7ca-25785f57e36b-1775478285390,2026-04-06 12:24:45.408223+00
c8d461e1-f975-4041-b4e7-8a2497e06360,dd55c687-780d-4904-aaf7-01c7860abd8a,develop-dd55c687-780d-4904-aaf7-01c7860abd8a-1775431311303,2026-04-05 23:21:51.391326+00
b4625504-b2b7-444d-802c-f2e40ab2998c,765e48bb-fb3f-447d-b0a1-f012e662c299,develop-765e48bb-fb3f-447d-b0a1-f012e662c299-1775443775194,2026-04-06 02:49:35.204391+00
ccc66dbf-9269-4763-bf72-f6078e80373f,c7894170-ab10-4a62-94da-576849c812a5,develop-c7894170-ab10-4a62-94da-576849c812a5-1775443775217,2026-04-06 02:49:36.197589+00
005a98b6-0492-43f9-87e8-2d4b4efd2329,c7894170-ab10-4a62-94da-576849c812a5,deploy-c7894170-1775463161395,2026-04-06 08:12:41.41185+00
8d380877-4ae8-4fff-9bbd-b586f8df067e,3c2166ef-7c66-4c11-8c90-e677c1376166,merge-3c2166ef-7c66-4c11-8c90-e677c1376166-1775468431311,2026-04-06 09:40:31.336398+00
59e0b191-f2b8-49fb-a86f-f624e1a6e0fe,3825e28a-cf87-44e4-a302-247bc0bd0f48,develop-3825e28a-cf87-44e4-a302-247bc0bd0f48-1775478591929,2026-04-06 12:29:52.199341+00
add8cad6-0ff6-40e9-a501-37869187c118,dd55c687-780d-4904-aaf7-01c7860abd8a,develop-dd55c687-780d-4904-aaf7-01c7860abd8a-1775431954210,2026-04-05 23:32:34.276346+00
5bf6a361-cfe7-4806-a21b-d218afc51226,765e48bb-fb3f-447d-b0a1-f012e662c299,develop-765e48bb-fb3f-447d-b0a1-f012e662c299-1775444121388,2026-04-06 02:55:21.422465+00
84aa97d8-01bd-43ac-aea3-3ca20d5e68b9,c7894170-ab10-4a62-94da-576849c812a5,develop-c7894170-ab10-4a62-94da-576849c812a5-1775444121445,2026-04-06 02:55:22.198241+00
86dc78eb-7152-4119-a7cf-d1b57b293991,db0fcd31-f8ed-4720-aa6c-98a498cbbd0c,merge-db0fcd31-f8ed-4720-aa6c-98a498cbbd0c-1775463227360,2026-04-06 08:13:47.379637+00
149678aa-dc94-413d-9531-6788049b7af4,3c7c2515-5273-4f82-86d1-10e00f7229fb,plan-3c7c2515-5273-4f82-86d1-10e00f7229fb-1775468516804,2026-04-06 09:41:56.812123+00
5e194ef3-7f0b-48d8-9e29-5452f6ba5ab8,c7894170-ab10-4a62-94da-576849c812a5,develop-c7894170-ab10-4a62-94da-576849c812a5-1775444486335,2026-04-06 03:01:26.421798+00
08d54307-46f0-433a-9d0a-5dabc1b2f8f1,765e48bb-fb3f-447d-b0a1-f012e662c299,develop-765e48bb-fb3f-447d-b0a1-f012e662c299-1775444486446,2026-04-06 03:01:26.99883+00
2040c800-a026-4cc0-9ea2-933777f76a4e,26815bab-48ab-4cb9-a778-eb7eb87e6e2a,develop-26815bab-48ab-4cb9-a778-eb7eb87e6e2a-1775463576585,2026-04-06 08:19:36.620699+00
4b75104e-51f2-49fc-ac7b-74da648ca25c,765e48bb-fb3f-447d-b0a1-f012e662c299,develop-765e48bb-fb3f-447d-b0a1-f012e662c299-1775463576653,2026-04-06 08:19:37.198954+00
c1b90b7e-37f5-45e8-894c-d9500339a3e9,db0fcd31-f8ed-4720-aa6c-98a498cbbd0c,deploy-db0fcd31-1775463578230,2026-04-06 08:19:38.249133+00
bb982e8e-783d-4254-be8c-65104ec06673,220825ee-c005-4c94-a289-e7c95bb906c0,review-corr-220825ee-c005-4c94-a289-e7c95bb906c0-1775468556,2026-04-06 09:42:36.171631+00
64e7a159-dfa4-4880-ace2-f777440aa8d9,765e48bb-fb3f-447d-b0a1-f012e662c299,develop-765e48bb-fb3f-447d-b0a1-f012e662c299-1775444823278,2026-04-06 03:07:03.289104+00
590f7c0d-67da-4f7c-9973-d2353adac288,c7894170-ab10-4a62-94da-576849c812a5,develop-c7894170-ab10-4a62-94da-576849c812a5-1775444823305,2026-04-06 03:07:03.993652+00
497cb174-9e1d-4e6f-9af3-aba0683f39f3,1eb1c49a-7236-4b0d-9ceb-303d4459a3aa,build-1eb1c49a-1775468627338,2026-04-06 09:43:47.367698+00
750b97ed-5cc2-454c-8c34-58b598d83cf9,13ea9b23-9b8e-4886-9dfb-7c0d19e5cd06,build-13ea9b23-1775468627371,2026-04-06 09:43:47.388267+00
181e293e-7a2c-4887-a2e3-3bfa6594c3ef,dd55c687-780d-4904-aaf7-01c7860abd8a,develop-dd55c687-780d-4904-aaf7-01c7860abd8a-1775432600337,2026-04-05 23:43:20.61945+00
b2f57190-38ca-4fa9-b6fa-8f08b12d2359,765e48bb-fb3f-447d-b0a1-f012e662c299,develop-765e48bb-fb3f-447d-b0a1-f012e662c299-1775445166666,2026-04-06 03:12:46.680111+00
dfb34f4a-67ff-42d2-8f8d-4fcc3c83d29d,c7894170-ab10-4a62-94da-576849c812a5,develop-c7894170-ab10-4a62-94da-576849c812a5-1775445166694,2026-04-06 03:12:47.199058+00
064d32ad-251e-4ffd-8429-333232d59341,bf5424f6-adee-417f-b2a4-2558e9be9fc5,build-bf5424f6-1775463593200,2026-04-06 08:19:53.225198+00
fe5bd8bf-1572-42bf-913d-b4ce058a52d5,3825e28a-cf87-44e4-a302-247bc0bd0f48,develop-3825e28a-cf87-44e4-a302-247bc0bd0f48-1775468659310,2026-04-06 09:44:19.370646+00
e687639e-f787-4d77-b3f1-dda0fe0a85bc,3a9aff3a-9e45-4557-896b-7015709ad993,develop-3a9aff3a-9e45-4557-896b-7015709ad993-1775468659675,2026-04-06 09:44:19.808941+00
271c07e7-15cf-4fc0-9252-e77f9ae9c9be,765e48bb-fb3f-447d-b0a1-f012e662c299,develop-765e48bb-fb3f-447d-b0a1-f012e662c299-1775445516505,2026-04-06 03:18:36.591371+00
e07613f4-8105-4b85-835b-6061f3e2b539,bf5424f6-adee-417f-b2a4-2558e9be9fc5,review-corr-bf5424f6-adee-417f-b2a4-2558e9be9fc5-1775463670,2026-04-06 08:21:10.286886+00
6aa5e221-9687-4855-8139-5f7495a669d7,8fd4c2cd-de08-4599-b704-7b9eeb2d1909,develop-8fd4c2cd-de08-4599-b704-7b9eeb2d1909-1775468660912,2026-04-06 09:44:21.197274+00
9e242f3f-f7f0-4a9c-b2cd-a2db3b7d8b2b,41a0d6c1-2b4e-48ba-8a34-4c1191baa4d5,develop-41a0d6c1-2b4e-48ba-8a34-4c1191baa4d5-1775468661333,2026-04-06 09:44:22.199971+00
f68a5269-0f88-48e5-a30b-f9b0e02f90cb,9d595ca9-e127-4bac-8811-5cea77c95b6c,develop-9d595ca9-e127-4bac-8811-5cea77c95b6c-1775468662628,2026-04-06 09:44:23.198977+00
300ce596-a8f0-440e-83c3-bdcc31c93bc1,8018bc16-f870-46fa-b01d-22a24429686e,develop-8018bc16-f870-46fa-b01d-22a24429686e-1775468664055,2026-04-06 09:44:24.201121+00
d3f0854f-09a5-4629-a1c4-de5464e8cef8,542b7d17-1f4a-447f-9824-729200b2d34e,plan-542b7d17-1f4a-447f-9824-729200b2d34e-1775478934251,2026-04-06 12:35:34.258045+00
5e3499eb-786a-4be9-badb-38654f5a7405,3825e28a-cf87-44e4-a302-247bc0bd0f48,develop-3825e28a-cf87-44e4-a302-247bc0bd0f48-1775479236206,2026-04-06 12:40:36.283876+00
75f36678-9235-4e93-a865-639c8c7e49c5,dd55c687-780d-4904-aaf7-01c7860abd8a,develop-dd55c687-780d-4904-aaf7-01c7860abd8a-1775433239161,2026-04-05 23:53:59.214521+00
5642a3cf-6254-40de-99f7-03d592fc312e,c7894170-ab10-4a62-94da-576849c812a5,develop-c7894170-ab10-4a62-94da-576849c812a5-1775445516605,2026-04-06 03:18:37.199029+00
4244d06e-9eb1-4968-8c8e-653517042c72,d7d84142-d016-422d-8e9c-a37c42d86917,develop-d7d84142-d016-422d-8e9c-a37c42d86917-1775463700400,2026-04-06 08:21:40.426055+00
b7e31855-19ac-4259-90a0-cd79a1493509,3c7c2515-5273-4f82-86d1-10e00f7229fb,develop-3c7c2515-5273-4f82-86d1-10e00f7229fb-1775468709861,2026-04-06 09:45:10.586165+00
4b49c3f9-077b-4273-9c9d-24268a69899c,2431486f-adf4-494e-be1a-bb3d20d92745,build-2431486f-1775468710772,2026-04-06 09:45:10.789904+00
8a27f6e7-652a-4f41-b633-b802dc4f4d0e,19a18345-38ca-4eb6-a392-0982a62604ac,develop-19a18345-38ca-4eb6-a392-0982a62604ac-1775433595126,2026-04-05 23:59:55.153786+00
48b1a431-4ad9-45f3-86fc-007f691281b7,765e48bb-fb3f-447d-b0a1-f012e662c299,develop-765e48bb-fb3f-447d-b0a1-f012e662c299-1775445863835,2026-04-06 03:24:23.846424+00
4bcb6700-b57a-4b09-9427-ddbaa2df8ef6,19a18345-38ca-4eb6-a392-0982a62604ac,build-19a18345-1775433846342,2026-04-06 00:04:06.375573+00
98364f1e-8cf4-4385-98b2-e0d73c90b709,c7894170-ab10-4a62-94da-576849c812a5,develop-c7894170-ab10-4a62-94da-576849c812a5-1775445863868,2026-04-06 03:24:24.19874+00
a3364cbd-ce03-4557-8cae-6a058a4bdbe5,bf5424f6-adee-417f-b2a4-2558e9be9fc5,merge-bf5424f6-adee-417f-b2a4-2558e9be9fc5-1775463746089,2026-04-06 08:22:26.109968+00
1be6d19c-d295-47b9-b159-2da1a5b6128d,220825ee-c005-4c94-a289-e7c95bb906c0,merge-220825ee-c005-4c94-a289-e7c95bb906c0-1775468766975,2026-04-06 09:46:07.026576+00
89e5b272-70ce-4af8-9a9a-abd2d2397799,19a18345-38ca-4eb6-a392-0982a62604ac,review-corr-19a18345-38ca-4eb6-a392-0982a62604ac-1775433907,2026-04-06 00:05:07.305807+00
15ca46c8-b8cb-49ae-aba6-4b5dedde82b9,765e48bb-fb3f-447d-b0a1-f012e662c299,develop-765e48bb-fb3f-447d-b0a1-f012e662c299-1775446212481,2026-04-06 03:30:12.563242+00
cb5e8443-9fc1-4f7a-8a7a-3f670321c7e4,c7894170-ab10-4a62-94da-576849c812a5,develop-c7894170-ab10-4a62-94da-576849c812a5-1775446212576,2026-04-06 03:30:12.815996+00
18df513d-59eb-494c-bfd2-c43f29835ea5,bf5424f6-adee-417f-b2a4-2558e9be9fc5,plan-bf5424f6-adee-417f-b2a4-2558e9be9fc5-1775463786670,2026-04-06 08:23:06.676093+00
ad1bb1c6-c616-469d-b7e0-51558486dde4,9d595ca9-e127-4bac-8811-5cea77c95b6c,build-9d595ca9-1775468790305,2026-04-06 09:46:30.554683+00
9e79820e-a6cc-4b3b-b2cd-50b86894b760,19a18345-38ca-4eb6-a392-0982a62604ac,merge-19a18345-38ca-4eb6-a392-0982a62604ac-1775433981816,2026-04-06 00:06:21.839039+00
c06db68e-bd4a-45be-b51d-a404c59688d1,765e48bb-fb3f-447d-b0a1-f012e662c299,develop-765e48bb-fb3f-447d-b0a1-f012e662c299-1775446556003,2026-04-06 03:35:56.014008+00
69e23e11-d2dc-4587-bdd4-dc9566a58838,c7894170-ab10-4a62-94da-576849c812a5,develop-c7894170-ab10-4a62-94da-576849c812a5-1775446556027,2026-04-06 03:35:56.198488+00
c8862ea8-620d-4463-84dc-660fc124aeba,8018bc16-f870-46fa-b01d-22a24429686e,build-8018bc16-1775468805552,2026-04-06 09:46:46.829791+00
b2804423-3eea-4f11-a5db-193aeee4ad0e,542b7d17-1f4a-447f-9824-729200b2d34e,plan-542b7d17-1f4a-447f-9824-729200b2d34e-1775479562665,2026-04-06 12:46:02.672505+00
524be5c1-0f8c-4dfd-9066-2c0bf60eeef5,19a18345-38ca-4eb6-a392-0982a62604ac,deploy-19a18345-1775434030356,2026-04-06 00:07:10.372428+00
aca1a47f-5aa2-4b8a-8c91-893a4436b857,765e48bb-fb3f-447d-b0a1-f012e662c299,develop-765e48bb-fb3f-447d-b0a1-f012e662c299-1775446902969,2026-04-06 03:41:43.041021+00
905d89fe-4689-4751-87b4-696c040a7ba2,c7894170-ab10-4a62-94da-576849c812a5,develop-c7894170-ab10-4a62-94da-576849c812a5-1775446903056,2026-04-06 03:41:43.19914+00
4b4d2740-160f-4048-a6f9-b795e6098c0c,26815bab-48ab-4cb9-a778-eb7eb87e6e2a,build-26815bab-1775463868318,2026-04-06 08:24:28.339012+00
e4496ed0-3e5d-42ec-aeea-0b8e5f35292a,41a0d6c1-2b4e-48ba-8a34-4c1191baa4d5,build-41a0d6c1-1775468846743,2026-04-06 09:47:29.319566+00
11555e68-92bc-4bb0-8c91-66bed74e481e,765e48bb-fb3f-447d-b0a1-f012e662c299,develop-765e48bb-fb3f-447d-b0a1-f012e662c299-1775447253043,2026-04-06 03:47:33.081114+00
e054080b-bbe2-4981-87c9-88789c2f5172,c7894170-ab10-4a62-94da-576849c812a5,develop-c7894170-ab10-4a62-94da-576849c812a5-1775447253102,2026-04-06 03:47:33.198769+00
3ce26c57-e720-414b-9f72-c8b0f8b5d542,220825ee-c005-4c94-a289-e7c95bb906c0,deploy-220825ee-1775468850962,2026-04-06 09:47:34.302378+00
c81db114-6157-4920-88de-993fb7bf51a1,765e48bb-fb3f-447d-b0a1-f012e662c299,develop-765e48bb-fb3f-447d-b0a1-f012e662c299-1775447599727,2026-04-06 03:53:19.812253+00
efdfcda1-02e4-4f8d-afed-6a743bede211,c7894170-ab10-4a62-94da-576849c812a5,develop-c7894170-ab10-4a62-94da-576849c812a5-1775447599824,2026-04-06 03:53:20.198306+00
5c77f7ce-5f20-4d23-858f-5b785ce4a284,26815bab-48ab-4cb9-a778-eb7eb87e6e2a,review-corr-26815bab-48ab-4cb9-a778-eb7eb87e6e2a-1775463957,2026-04-06 08:25:57.827945+00
eaf4aebc-7e41-4d24-85e4-0ef8a48530cc,d7d84142-d016-422d-8e9c-a37c42d86917,build-d7d84142-1775463997700,2026-04-06 08:26:37.720825+00
3690d74c-bf2d-402a-993b-a3b35c0c6cdd,2431486f-adf4-494e-be1a-bb3d20d92745,review-corr-2431486f-adf4-494e-be1a-bb3d20d92745-1775468876,2026-04-06 09:47:56.943312+00
c8ded67a-f953-4829-a771-924e87bd8b91,542b7d17-1f4a-447f-9824-729200b2d34e,plan-542b7d17-1f4a-447f-9824-729200b2d34e-1775480191285,2026-04-06 12:56:31.29101+00
eaa46cf8-fb2e-4a2a-8a19-5d817ba9ad40,c7894170-ab10-4a62-94da-576849c812a5,develop-c7894170-ab10-4a62-94da-576849c812a5-1775447960282,2026-04-06 03:59:20.541185+00
d4baadb9-d7c9-4abb-b248-cbd81f5458f6,765e48bb-fb3f-447d-b0a1-f012e662c299,develop-765e48bb-fb3f-447d-b0a1-f012e662c299-1775447960570,2026-04-06 03:59:21.200445+00
0c3cbc4c-2556-4d89-af01-d541b46263ed,765e48bb-fb3f-447d-b0a1-f012e662c299,build-765e48bb-1775463985377,2026-04-06 08:26:25.401083+00
f6955639-002a-46b4-8dcb-54dab92d0f5f,13ea9b23-9b8e-4886-9dfb-7c0d19e5cd06,review-corr-13ea9b23-9b8e-4886-9dfb-7c0d19e5cd06-1775468880,2026-04-06 09:48:00.814978+00
f1d91b15-52d0-47e7-95e5-671448997307,765e48bb-fb3f-447d-b0a1-f012e662c299,develop-765e48bb-fb3f-447d-b0a1-f012e662c299-1775448298219,2026-04-06 04:04:58.285504+00
9249bbd3-c3f2-403f-a6d2-7e5035016985,c7894170-ab10-4a62-94da-576849c812a5,develop-c7894170-ab10-4a62-94da-576849c812a5-1775448298300,2026-04-06 04:04:59.197946+00
6a2edc65-9b2a-4663-af86-c5cb8f8c761c,d7d84142-d016-422d-8e9c-a37c42d86917,review-corr-d7d84142-d016-422d-8e9c-a37c42d86917-1775464074,2026-04-06 08:27:54.401223+00
d2efba96-5611-475d-9a45-3fb25160e169,26815bab-48ab-4cb9-a778-eb7eb87e6e2a,merge-26815bab-48ab-4cb9-a778-eb7eb87e6e2a-1775464074459,2026-04-06 08:27:54.477505+00
adf32f51-41f3-4de3-b878-c408c12c50e3,8fd4c2cd-de08-4599-b704-7b9eeb2d1909,build-8fd4c2cd-1775468996129,2026-04-06 09:49:56.714106+00
dc851dc8-0453-4719-97f2-b611363ebf48,26815bab-48ab-4cb9-a778-eb7eb87e6e2a,develop-26815bab-48ab-4cb9-a778-eb7eb87e6e2a-1775448643611,2026-04-06 04:10:43.714266+00
ddfe7b18-d7f8-4fb1-ac98-54936dc27551,dfc431bc-769f-49e3-83e2-323171a40f5b,develop-dfc431bc-769f-49e3-83e2-323171a40f5b-1775448643728,2026-04-06 04:10:44.19826+00
2cf98e37-ffa0-409e-95af-76630fc8875b,9c29ba56-fbb4-41f7-8bb3-4de282dc09eb,develop-9c29ba56-fbb4-41f7-8bb3-4de282dc09eb-1775448644219,2026-04-06 04:10:45.200242+00
1ad242e7-e212-4d2f-b41c-71c439cab647,db0fcd31-f8ed-4720-aa6c-98a498cbbd0c,develop-db0fcd31-f8ed-4720-aa6c-98a498cbbd0c-1775448645236,2026-04-06 04:10:46.199669+00
1c6d8f5c-807c-4747-af05-77e9eea7bf6b,d7d84142-d016-422d-8e9c-a37c42d86917,develop-d7d84142-d016-422d-8e9c-a37c42d86917-1775448646224,2026-04-06 04:10:47.197952+00
19bc025d-4747-4ac1-90c1-b8ddd0f79ab1,8cdfd25f-e087-455b-a58d-44eb898868b3,develop-8cdfd25f-e087-455b-a58d-44eb898868b3-1775448647217,2026-04-06 04:10:48.19879+00
5a1d24ec-8040-45eb-b8dd-92ead3e9d818,bf5424f6-adee-417f-b2a4-2558e9be9fc5,develop-bf5424f6-adee-417f-b2a4-2558e9be9fc5-1775448648219,2026-04-06 04:10:49.199357+00
5e1bc278-0453-4439-803c-418a725d39c3,f0cbff08-b0be-4081-81c1-65c59aedc56e,develop-f0cbff08-b0be-4081-81c1-65c59aedc56e-1775448649218,2026-04-06 04:10:49.307928+00
